Top pages,Clicks,Impressions,CTR,Position
https://axiantpartners.com/,4,125,3.2%,7.09
https://axiantpartners.com/equipment-financing/articles/carecredit-vs-patientfi-imaging-radiology/,3,332,0.9%,19.09
https://axiantpartners.com/equipment/diagnostic-equipment-auto/scan-tool-financing/,2,109,1.83%,6.81
https://axiantpartners.com/equipment/combines/,2,60,3.33%,11.77
https://axiantpartners.com/sba-loans/articles/sba-loan-buy-out-business-partner/,2,41,4.88%,13.1
https://axiantpartners.com/equipment-financing/articles/louisiana-commercial-fishing-financing/,2,6,33.33%,6.33
https://axiantpartners.com/business-line-of-credit/articles/line-of-credit-for-law-firms/,2,6,33.33%,15.5
https://axiantpartners.com/commercial-real-estate-loans/articles/how-much-down-payment-required-commercial-property-loan/,1,491,0.2%,12.43
https://axiantpartners.com/equipment/semi-trucks/semi-truck-financing-down-payment/,1,141,0.71%,9.31
https://axiantpartners.com/securities-based-lending/articles/typical-sbl-rates-2026/,1,136,0.74%,7.01
https://axiantpartners.com/equipment-financing/articles/vending-machine-financing/,1,107,0.93%,16.21
https://axiantpartners.com/sba-loans/articles/how-long-sba-loan-approval/,1,72,1.39%,9.56
https://axiantpartners.com/equipment-financing/articles/ice-cream-gelato-equipment-financing/,1,31,3.23%,7.71
https://axiantpartners.com/equipment/industrial-robots/robotics-automation-financing/,1,31,3.23%,35.97
https://axiantpartners.com/equipment-financing/articles/ambulance-financing/,1,30,3.33%,11.23
https://axiantpartners.com/equipment-financing/articles/ev-charging-station-financing/,1,24,4.17%,13.17
https://axiantpartners.com/business-debt-relief/articles/release-ucc-lien-business/,1,21,4.76%,16.24
https://axiantpartners.com/cleaning-business-financing/cleaning-payroll-net-30-60-contracts/,1,15,6.67%,6.53
https://axiantpartners.com/articles/how-to-finance-buy-hvac-business/,1,10,10%,6.5
https://axiantpartners.com/commercial-bridge-loans/articles/typical-commercial-bridge-loan-rates-2026/,1,7,14.29%,6
https://axiantpartners.com/articles/business-loan-denied-what-to-do/,1,1,100%,2
https://axiantpartners.com/business-loan-calculator-guide/,0,321,0%,3.77
https://axiantpartners.com/commercial-real-estate-loans/articles/multifamily-loan-down-payment/,0,203,0%,8.94
https://axiantpartners.com/business-line-of-credit/articles/what-are-typical-business-line-of-credit-rates/,0,178,0%,37.05
https://axiantpartners.com/business-line-of-credit/articles/how-fast-can-you-get-approved-business-line-of-credit/,0,154,0%,9.09
https://axiantpartners.com/equipment/tractors/tractor-financing-new-farmers/,0,136,0%,69.72
https://axiantpartners.com/construction-business-financing/progress-payment-cash-flow-gaps/,0,115,0%,16.61
https://axiantpartners.com/trucking-business-financing.html,0,114,0%,14.17
https://axiantpartners.com/equipment/semi-trucks/semi-truck-lease-vs-loan/,0,108,0%,33.49
https://axiantpartners.com/equipment-financing/articles/medical-imaging-financing-radiology-practices/,0,92,0%,39.36
https://axiantpartners.com/commercial-real-estate-loans/articles/dscr-rental-loans-real-estate-investors/,0,89,0%,71.2
https://axiantpartners.com/equipment-financing/articles/how-fast-can-equipment-financing-be-approved/,0,87,0%,8.4
https://axiantpartners.com/working-capital-loans/articles/working-capital-loan-seasonal-businesses/,0,85,0%,40.74
https://axiantpartners.com/equipment/medical-imaging/,0,84,0%,67.69
https://axiantpartners.com/equipment-financing/articles/mini-excavator-financing/,0,81,0%,8.25
https://axiantpartners.com/working-capital-loans/articles/working-capital-loan-staffing-agencies/,0,69,0%,26.49
https://axiantpartners.com/equipment-financing/articles/excavator-financing-calculator/,0,68,0%,6.03
https://axiantpartners.com/commercial-real-estate-loans/articles/typical-commercial-real-estate-loan-rates-2026/,0,61,0%,7.56
https://axiantpartners.com/working-capital-loans/articles/invoice-factoring-rates/,0,61,0%,21.23
https://axiantpartners.com/equipment-financing/articles/3d-printer-financing/,0,57,0%,13.19
https://axiantpartners.com/equipment-financing/articles/patient-financing-imaging-centers/,0,54,0%,10.11
https://axiantpartners.com/equipment/flatbed-trucks/flatbed-truck-financing-haulers/,0,54,0%,11.22
https://axiantpartners.com/business-line-of-credit/articles/best-unsecured-business-lines-of-credit-2026/,0,53,0%,6.85
https://axiantpartners.com/commercial-real-estate-loans/articles/what-credit-score-needed-commercial-real-estate-loan/,0,52,0%,10.58
https://axiantpartners.com/equipment-financing/articles/radiology-practice-financing-complete-guide/,0,48,0%,25.27
https://axiantpartners.com/sba-loans/articles/1m-sba-loan-how-to-qualify-and-close-in-60-days/,0,46,0%,19.63
https://axiantpartners.com/equipment-financing/articles/commercial-mower-financing/,0,38,0%,11.42
https://axiantpartners.com/equipment-financing/articles/trac-lease-benefits-saves-money/,0,36,0%,9.08
https://axiantpartners.com/articles/same-day-business-funding-whats-actually-possible/,0,35,0%,8.11
https://axiantpartners.com/services.html,0,35,0%,9.14
https://axiantpartners.com/equipment-financing/articles/commercial-printing-press-financing/,0,34,0%,7.35
https://axiantpartners.com/merchant-cash-advance/articles/why-stuck-in-mca-cycle/,0,30,0%,4.53
https://axiantpartners.com/equipment/medical-imaging/mri-ct-scanner-financing/,0,28,0%,60.36
https://axiantpartners.com/commercial-real-estate-loans/articles/how-to-refinance-commercial-mortgage/,0,28,0%,70.79
https://axiantpartners.com/equipment-financing/articles/asphalt-paving-equipment-financing/,0,27,0%,11.78
https://axiantpartners.com/equipment-financing/articles/concrete-pump-mixer-truck-financing/,0,25,0%,6.72
https://axiantpartners.com/working-capital-loans/articles/freight-broker-financing/,0,25,0%,37.52
https://axiantpartners.com/equipment-financing/articles/telehandler-financing/,0,24,0%,5.75
https://axiantpartners.com/equipment/injection-molding/,0,23,0%,4.83
https://axiantpartners.com/sba-loans/articles/laundromat-financing/,0,23,0%,6.57
https://axiantpartners.com/sba-loans/articles/sba-loan-owner-occupied-commercial-property/,0,23,0%,10.39
https://axiantpartners.com/articles/plumbing-business-loans/,0,23,0%,21.52
https://axiantpartners.com/articles/why-applying-multiple-banks-blindly-hurts-approval-odds/,0,22,0%,9.55
https://axiantpartners.com/sba-loans/articles/typical-sba-loan-rates-2026/,0,22,0%,10.14
https://axiantpartners.com/equipment/semi-trucks/semi-truck-financing-fast-approval/,0,21,0%,10.1
https://axiantpartners.com/equipment/conveyor-systems/warehouse-conveyor-financing/,0,21,0%,21.48
https://axiantpartners.com/commercial-real-estate-loans/articles/commercial-real-estate-refinance/,0,21,0%,55.95
https://axiantpartners.com/commercial-real-estate-loans/articles/cash-out-refinance-commercial-property/,0,20,0%,14.55
https://axiantpartners.com/equipment-financing/articles/can-you-finance-used-equipment/,0,20,0%,23.05
https://axiantpartners.com/1-million-business-loan.html,0,20,0%,59.45
https://axiantpartners.com/equipment-financing/articles/greenhouse-nursery-financing/,0,19,0%,14.21
https://axiantpartners.com/equipment/dishwashers-warewashing/,0,19,0%,19.53
https://axiantpartners.com/sba-loans/articles/liquor-store-financing/,0,19,0%,24.32
https://axiantpartners.com/commercial-real-estate-loans.html,0,19,0%,62.63
https://axiantpartners.com/securities-based-lending.html,0,18,0%,5.61
https://axiantpartners.com/small-business-lending-statistics.html,0,18,0%,8.61
https://axiantpartners.com/working-capital-loans/articles/security-guard-company-working-capital/,0,18,0%,9.67
https://axiantpartners.com/articles/business-loan-with-a-cosigner/,0,18,0%,16.56
https://axiantpartners.com/startup-financing/articles/build-business-credit-fast-startup/,0,18,0%,64.5
https://axiantpartners.com/equipment-financing/articles/equipment-financing-no-money-down/,0,18,0%,72.44
https://axiantpartners.com/business-line-of-credit/articles/red-flags-line-of-credit-offers/,0,17,0%,3.12
https://axiantpartners.com/equipment-financing/articles/how-to-avoid-overpaying-equipment-financing/,0,17,0%,8.94
https://axiantpartners.com/sba-loans/articles/accounting-cpa-firm-financing/,0,17,0%,24.41
https://axiantpartners.com/equipment-financing/articles/tow-truck-wrecker-financing/,0,16,0%,8.5
https://axiantpartners.com/equipment/zero-turn-mowers/,0,16,0%,9.81
https://axiantpartners.com/equipment/semi-trucks/how-to-finance-a-semi-truck/,0,16,0%,11.19
https://axiantpartners.com/trucking-business-financing/small-fleet-truck-financing-under-10-trucks/,0,16,0%,12.31
https://axiantpartners.com/agriculture-business-financing/agriculture-seasonal-input-cost-financing/,0,16,0%,50.25
https://axiantpartners.com/articles/avoid-scams-predatory-lenders-business-financing/,0,15,0%,6.53
https://axiantpartners.com/equipment-financing/articles/warehouse-racking-storage-financing/,0,15,0%,6.6
https://axiantpartners.com/revenue-based-financing/articles/revenue-based-financing-vs-merchant-cash-advance/,0,15,0%,6.6
https://axiantpartners.com/equipment-financing/articles/woodworking-cabinet-shop-equipment-financing/,0,15,0%,6.73
https://axiantpartners.com/merchant-cash-advance/articles/mca-for-auto-repair-shops/,0,15,0%,6.93
https://axiantpartners.com/commercial-bridge-loans/articles/5m-bridge-loan-multifamily-structure-closing-timeline/,0,15,0%,7.53
https://axiantpartners.com/construction-business-financing.html,0,15,0%,21.4
https://axiantpartners.com/ecommerce-business-financing-guide/,0,14,0%,4.57
https://axiantpartners.com/equipment-financing/articles/equipment-financing-bad-credit/,0,14,0%,8.79
https://axiantpartners.com/equipment-financing/articles/commercial-generator-financing/,0,13,0%,5.85
https://axiantpartners.com/sba-loans/articles/gas-station-convenience-store-financing/,0,13,0%,7.23
https://axiantpartners.com/equipment/stump-grinders/,0,13,0%,7.77
https://axiantpartners.com/merchant-cash-advance/articles/red-flags-mca-agreements/,0,13,0%,8.08
https://axiantpartners.com/business-growth/articles/turn-website-traffic-into-qualified-opportunities/,0,13,0%,8.15
https://axiantpartners.com/sba-loans/articles/sba-loan-denied-reasons-fix-before-reapplying/,0,13,0%,16.85
https://axiantpartners.com/sba-loans/articles/sba-loan-requirements/,0,13,0%,17.77
https://axiantpartners.com/business-debt-relief/articles/cant-make-mca-payments-options/,0,13,0%,26.54
https://axiantpartners.com/business-debt-relief/articles/what-happens-if-you-default-on-mca/,0,13,0%,41.08
https://axiantpartners.com/equipment/lab-equipment-medical/,0,13,0%,41.92
https://axiantpartners.com/working-capital-loans/articles/what-is-invoice-factoring/,0,13,0%,87.54
https://axiantpartners.com/equipment-financing/articles/reasons-equipment-dealer-financing-falls-through/,0,12,0%,5.58
https://axiantpartners.com/commercial-real-estate-loans/articles/when-to-refinance-commercial-property/,0,12,0%,7.75
https://axiantpartners.com/equipment-financing/articles/100-percent-financing-class-8-trucks-trailers-zero-down/,0,12,0%,12.67
https://axiantpartners.com/working-capital-loans/articles/why-restoration-companies-need-working-capital/,0,12,0%,12.92
https://axiantpartners.com/construction-business-financing/why-contractors-need-working-capital/,0,12,0%,33.08
https://axiantpartners.com/equipment/semi-trucks/semi-truck-lease-down-payment/,0,11,0%,13
https://axiantpartners.com/equipment-financing/articles/dry-cleaning-equipment-financing/,0,10,0%,6.6
https://axiantpartners.com/fix-and-flip/articles/how-much-down-payment-fix-and-flip-loan/,0,10,0%,7.6
https://axiantpartners.com/sba-loans/articles/red-flags-sba-loan-offers-packaging/,0,10,0%,7.9
https://axiantpartners.com/construction-business-financing/mobilization-funding-before-first-draw/,0,10,0%,8.5
https://axiantpartners.com/sba-loans/articles/where-sba-loan-down-payment-can-come-from/,0,10,0%,9.3
https://axiantpartners.com/sba-loans/articles/sba-loan-vs-business-line-of-credit/,0,10,0%,13
https://axiantpartners.com/sba-loans/articles/what-documents-needed-sba-loan/,0,10,0%,32.2
https://axiantpartners.com/equipment-financing-calculator.html,0,10,0%,51.4
https://axiantpartners.com/equipment-financing/articles/what-benefits-does-lease-have-equipment-financing/,0,10,0%,51.5
https://axiantpartners.com/roofing-business-financing.html,0,10,0%,67.4
https://axiantpartners.com/sba-loans/articles/reasons-sba-loan-closing-gets-pushed-back/,0,9,0%,4.89
https://axiantpartners.com/equipment/restaurant-refrigeration/walk-in-cooler-freezer-financing/,0,9,0%,5.33
https://axiantpartners.com/sba-loans/articles/why-sba-loan-approval-taking-forever/,0,9,0%,6.67
https://axiantpartners.com/sba-loans/articles/fast-sba-express-loan-36-hour-decision/,0,9,0%,7
https://axiantpartners.com/equipment-financing/states/wisconsin/,0,9,0%,7.67
https://axiantpartners.com/equipment-financing/articles/grain-bin-grain-storage-financing/,0,9,0%,7.78
https://axiantpartners.com/business-line-of-credit/articles/why-business-lines-of-credit-get-cut-or-revoked/,0,9,0%,8.11
https://axiantpartners.com/equipment-financing/articles/medical-dental-equipment-financing/,0,9,0%,8.11
https://axiantpartners.com/sba-loans/articles/how-much-down-payment-required-sba-loan/,0,9,0%,10
https://axiantpartners.com/sba-loans/articles/car-wash-financing/,0,9,0%,10.67
https://axiantpartners.com/equipment/backhoes/,0,9,0%,11.67
https://axiantpartners.com/working-capital-loans/articles/business-loans-for-bad-credit/,0,9,0%,16.67
https://axiantpartners.com/equipment-financing/articles/equipment-financing-vs-sba-loan/,0,9,0%,16.89
https://axiantpartners.com/2-million-business-loan.html,0,9,0%,17.89
https://axiantpartners.com/equipment-financing/articles/equipment-financing-calculator/,0,9,0%,29.44
https://axiantpartners.com/articles/how-to-prequalify-business-loan/,0,9,0%,39.22
https://axiantpartners.com/forestry-business-financing.html,0,9,0%,52.11
https://axiantpartners.com/agriculture-business-financing/financing-farm-equipment-tractors-implements/,0,9,0%,66.22
https://axiantpartners.com/equipment-financing/articles/whats-delaying-your-equipment-financing-close/,0,8,0%,4
https://axiantpartners.com/commercial-real-estate-loans/articles/commercial-real-estate-loan-requirements/,0,8,0%,5
https://axiantpartners.com/equipment-financing.html,0,8,0%,5.12
https://axiantpartners.com/equipment-financing/articles/equipment-dealer-financing-fell-through-on-closing-day/,0,8,0%,6.62
https://axiantpartners.com/articles/loan-covenant-breaches-avoid-what-to-do-if-at-risk/,0,8,0%,8.38
https://axiantpartners.com/equipment/wheel-loaders/,0,8,0%,12.5
https://axiantpartners.com/business-debt-relief/articles/consolidation-vs-reverse-consolidation/,0,8,0%,19.38
https://axiantpartners.com/trucking-business-financing/trucking-business-growth/,0,8,0%,20.5
https://axiantpartners.com/forestry-business-financing/financing-logging-equipment/,0,8,0%,28.62
https://axiantpartners.com/equipment-financing/articles/agricultural-equipment-financing-tractors-combines/,0,8,0%,29.75
https://axiantpartners.com/equipment-financing/articles/logging-forestry-equipment-financing/,0,8,0%,36.5
https://axiantpartners.com/minority-business-loans.html,0,8,0%,86.88
https://axiantpartners.com/commercial-bridge-loans/articles/when-should-you-use-commercial-bridge-loan/,0,7,0%,5.14
https://axiantpartners.com/equipment-financing/articles/iowa-center-pivot-irrigation-financing/,0,7,0%,6
https://axiantpartners.com/equipment/pallet-jacks/,0,7,0%,6
https://axiantpartners.com/business-line-of-credit/articles/why-line-of-credit-application-keeps-pending/,0,7,0%,7.29
https://axiantpartners.com/equipment-financing/articles/gym-fitness-equipment-financing/,0,7,0%,7.86
https://axiantpartners.com/equipment-financing/articles/section-179-tax-strategy-2026/,0,7,0%,8.29
https://axiantpartners.com/equipment/skid-steers/,0,7,0%,8.29
https://axiantpartners.com/sba-loans/articles/why-sba-loan-keeps-coming-back-for-more-documents/,0,7,0%,8.57
https://axiantpartners.com/equipment/hay-balers/,0,7,0%,14.14
https://axiantpartners.com/commercial-real-estate-loans/articles/how-long-close-commercial-real-estate-loan/,0,7,0%,14.86
https://axiantpartners.com/equipment/semi-trucks/financing-owner-operators/,0,7,0%,16.43
https://axiantpartners.com/salon-spa-financing-guide/,0,7,0%,23.29
https://axiantpartners.com/equipment/pallet-racking/,0,7,0%,29.71
https://axiantpartners.com/100000-business-loan.html,0,7,0%,61.29
https://axiantpartners.com/construction-business-financing/material-deposits-supplier-cod-before-first-payment/,0,6,0%,3.67
https://axiantpartners.com/equipment-financing/articles/med-spa-aesthetic-laser-financing/,0,6,0%,5.5
https://axiantpartners.com/business-term-loans/articles/term-loan-for-multi-unit-restaurant-expansion/,0,6,0%,6
https://axiantpartners.com/equipment/auto-lifts/,0,6,0%,6
https://axiantpartners.com/sba-loans/articles/what-do-lenders-look-for-sba-loan-approval/,0,6,0%,6
https://axiantpartners.com/equipment-financing/articles/physical-therapy-clinic-equipment-financing/,0,6,0%,8
https://axiantpartners.com/equipment-financing/articles/nemt-wheelchair-van-financing/,0,6,0%,8.17
https://axiantpartners.com/sba-loans/articles/funeral-home-financing/,0,6,0%,8.17
https://axiantpartners.com/sba-loans/articles/veterans-business-loans-sba-mreidl/,0,6,0%,9.17
https://axiantpartners.com/articles/when-business-loan-line-sold-to-another-lender/,0,6,0%,9.67
https://axiantpartners.com/equipment/hay-balers/hay-equipment-financing/,0,6,0%,9.83
https://axiantpartners.com/sba-loans/articles/sba-504-vs-conventional-cre/,0,6,0%,10.67
https://axiantpartners.com/commercial-real-estate-loans/articles/owner-occupied-vs-investment-commercial-property-loan/,0,6,0%,13.67
https://axiantpartners.com/sba-loans/articles/law-firm-financing/,0,6,0%,16.67
https://axiantpartners.com/business-line-of-credit/articles/line-of-credit-for-contractors/,0,6,0%,19
https://axiantpartners.com/equipment-financing/articles/california-cannabis-equipment-financing/,0,6,0%,34.83
https://axiantpartners.com/construction-business-financing/roofing-contractor-financing/,0,6,0%,44.67
https://axiantpartners.com/business-debt-relief.html,0,6,0%,58.33
https://axiantpartners.com/digital-marketing/articles/red-flags-hiring-seo-company/,0,6,0%,77.5
https://axiantpartners.com/inventory-financing.html,0,6,0%,84.17
https://axiantpartners.com/revenue-based-financing/articles/how-much-can-you-qualify-for-revenue-based-financing/,0,5,0%,5.2
https://axiantpartners.com/business-growth-financing/borrow-to-grow-not-to-survive-the-right-way-to-use-business-capital/,0,5,0%,6
https://axiantpartners.com/securities-based-lending/articles/securities-based-lending-traps-margin-calls-cross-collateral-concentration/,0,5,0%,6
https://axiantpartners.com/equipment/trailers/,0,5,0%,6.8
https://axiantpartners.com/construction-business-financing/bonding-capacity-surety-cash-crunch/,0,5,0%,7
https://axiantpartners.com/merchant-cash-advance/articles/reasons-mca-funding-gets-delayed/,0,5,0%,7
https://axiantpartners.com/terms-and-conditions.html,0,5,0%,7.6
https://axiantpartners.com/equipment-financing/articles/sprinter-van-financing-last-mile-delivery/,0,5,0%,8
https://axiantpartners.com/merchant-cash-advance/articles/merchant-cash-advance-vs-working-capital-loan/,0,5,0%,9
https://axiantpartners.com/commercial-real-estate-loans/articles/cmbs-vs-life-company-vs-agency-debt/,0,5,0%,9.6
https://axiantpartners.com/equipment/refrigerated-trucks/reefer-truck-financing-food-transport/,0,5,0%,10.2
https://axiantpartners.com/revenue-based-financing/articles/revenue-based-financing-requirements/,0,5,0%,10.2
https://axiantpartners.com/equipment/bulldozers/used-bulldozer-financing/,0,5,0%,10.8
https://axiantpartners.com/equipment/forklifts/used-forklift-financing/,0,5,0%,12.4
https://axiantpartners.com/business-term-loans/articles/how-fast-can-you-get-business-term-loan/,0,5,0%,14.4
https://axiantpartners.com/working-capital-loans/articles/purchase-order-financing/,0,5,0%,19.4
https://axiantpartners.com/equipment/forklifts/forklift-lease-vs-loan/,0,5,0%,20.2
https://axiantpartners.com/sba-loans/articles/what-credit-score-needed-sba-loan/,0,5,0%,23
https://axiantpartners.com/equipment-financing/articles/what-do-lenders-look-at-equipment-financing-approval/,0,5,0%,26.4
https://axiantpartners.com/commercial-real-estate-loans/articles/100-percent-financing-owner-occupied-commercial-real-estate/,0,5,0%,27.6
https://axiantpartners.com/business-growth/articles/top-line-vs-bottom-line-revenue-profit-cash/,0,5,0%,41.2
https://axiantpartners.com/business-growth/articles/best-sales-crm-tools-small-business/,0,5,0%,41.4
https://axiantpartners.com/articles/factor-rate-vs-apr-business-loan-cost/,0,5,0%,62.4
https://axiantpartners.com/construction-business-financing/signs-contractor-overleveraged/,0,5,0%,62.4
https://axiantpartners.com/equipment/cargo-vans/sprinter-van-financing-guide/,0,5,0%,63.8
https://axiantpartners.com/business-debt-relief/articles/can-you-settle-a-merchant-cash-advance/,0,5,0%,70.6
https://axiantpartners.com/working-capital-loans/articles/accounts-receivable-financing/,0,5,0%,83.8
https://axiantpartners.com/working-capital-loans/articles/ach-loan-vs-mca/,0,4,0%,2
https://axiantpartners.com/contact.html,0,4,0%,2.75
https://axiantpartners.com/equipment/excavators/used-excavator-financing/,0,4,0%,3.5
https://axiantpartners.com/business-debt-relief/articles/sued-by-mca-confession-of-judgment/,0,4,0%,4.5
https://axiantpartners.com/equipment-financing/articles/construction-equipment-financing-excavators-dozers/,0,4,0%,4.5
https://axiantpartners.com/revenue-based-financing/articles/when-is-revenue-based-financing-not-right-option/,0,4,0%,4.75
https://axiantpartners.com/construction-business-financing/avoid-payroll-to-draw-timing-mistakes/,0,4,0%,5.25
https://axiantpartners.com/fix-and-flip/articles/fix-and-flip-loan-purchase-plus-rehab/,0,4,0%,5.25
https://axiantpartners.com/business-loan-eligibility/,0,4,0%,6
https://axiantpartners.com/securities-based-lending/articles/securities-based-lending-tax-planning/,0,4,0%,6.75
https://axiantpartners.com/business-term-loans/articles/how-much-can-you-qualify-for-business-term-loan/,0,4,0%,7
https://axiantpartners.com/manufacturing-business-financing/finance-second-shift-growth-without-quality-drop/,0,4,0%,7.5
https://axiantpartners.com/business-line-of-credit/articles/documents-needed-business-line-of-credit/,0,4,0%,8.25
https://axiantpartners.com/commercial-bridge-loans/articles/bridge-loan-pay-off-construction-debt/,0,4,0%,8.25
https://axiantpartners.com/construction-business-financing/retainage-cash-flow-gap/,0,4,0%,8.5
https://axiantpartners.com/equipment-financing/articles/refrigerated-truck-financing-food-distributors/,0,4,0%,8.5
https://axiantpartners.com/articles/whats-blocking-second-business-loan/,0,4,0%,8.75
https://axiantpartners.com/business-term-loans/articles/term-loan-vs-bridge-loan/,0,4,0%,10
https://axiantpartners.com/equipment/restaurant-refrigeration/,0,4,0%,10
https://axiantpartners.com/equipment/stump-grinders/stump-grinder-financing-tree-service/,0,4,0%,13.25
https://axiantpartners.com/sba-loans/articles/bakery-financing/,0,4,0%,14.75
https://axiantpartners.com/securities-based-lending/articles/how-much-can-you-borrow-with-securities-based-lending/,0,4,0%,15.5
https://axiantpartners.com/commercial-bridge-loans/articles/what-do-lenders-look-for-commercial-bridge-loan/,0,4,0%,20
https://axiantpartners.com/equipment/tractors/,0,4,0%,21
https://axiantpartners.com/articles/hvac-business-loans/,0,4,0%,24
https://axiantpartners.com/securities-based-lending/articles/how-does-securities-based-lending-work/,0,4,0%,24.5
https://axiantpartners.com/business-debt-relief/articles/is-my-mca-legal/,0,4,0%,34.25
https://axiantpartners.com/hvac-business-financing.html,0,4,0%,45.5
https://axiantpartners.com/startup-financing/articles/finance-new-business-without-giving-up-equity/,0,4,0%,45.5
https://axiantpartners.com/business-loan-comparisons/,0,4,0%,49
https://axiantpartners.com/equipment/semi-trucks/semi-truck-financing-bad-credit/,0,4,0%,69.25
https://axiantpartners.com/business-debt-relief/articles/how-much-does-business-debt-relief-cost/,0,4,0%,69.5
https://axiantpartners.com/rightmfgsystems.html,0,3,0%,1
https://axiantpartners.com/equipment/injection-molding/injection-molding-equipment-financing/,0,3,0%,2.33
https://axiantpartners.com/plumbing-business-financing/plumbing-slow-commercial-receivables/,0,3,0%,2.33
https://axiantpartners.com/articles/self-employed-business-loans/,0,3,0%,3.33
https://axiantpartners.com/startup-financing/articles/estimate-startup-funding-needs-template-formula/,0,3,0%,3.33
https://axiantpartners.com/equipment-financing/articles/equipment-financing-ucc-lien-approval/,0,3,0%,4
https://axiantpartners.com/merchant-cash-advance/articles/refinance-mca-to-term-loan-30-day-playbook/,0,3,0%,4
https://axiantpartners.com/sba-loans/articles/coffee-shop-financing/,0,3,0%,4.33
https://axiantpartners.com/startup-financing/articles/how-fast-can-startup-financing-fund/,0,3,0%,5.67
https://axiantpartners.com/working-capital-loans/articles/invoice-factoring-vs-working-capital-loan/,0,3,0%,5.67
https://axiantpartners.com/equipment-financing/articles/chiropractic-practice-financing/,0,3,0%,6
https://axiantpartners.com/construction-company-financing-guide/,0,3,0%,6.33
https://axiantpartners.com/construction-business-financing/can-contractors-finance-used-equipment/,0,3,0%,6.67
https://axiantpartners.com/sba-loans/articles/why-sba-loan-keeps-getting-delayed/,0,3,0%,6.67
https://axiantpartners.com/revenue-based-financing/articles/how-fast-can-you-get-revenue-based-financing/,0,3,0%,7
https://axiantpartners.com/equipment-financing/articles/equipment-lease-vs-loan-vs-cash/,0,3,0%,7.33
https://axiantpartners.com/equipment/bucket-trucks/,0,3,0%,7.33
https://axiantpartners.com/revenue-based-financing/articles/what-credit-score-needed-revenue-based-financing/,0,3,0%,7.33
https://axiantpartners.com/working-capital-loans/articles/pest-control-business-working-capital/,0,3,0%,7.33
https://axiantpartners.com/revenue-based-financing.html,0,3,0%,7.67
https://axiantpartners.com/equipment/auto-lifts/auto-lift-financing-new-shop/,0,3,0%,8.33
https://axiantpartners.com/equipment-financing/articles/optometry-optical-equipment-financing/,0,3,0%,8.67
https://axiantpartners.com/equipment/scanning-wms/,0,3,0%,9
https://axiantpartners.com/construction-business-financing/how-contractor-equipment-financing-helps-you-take-on-bigger-jobs/,0,3,0%,10
https://axiantpartners.com/equipment/ventilation-hood-systems/,0,3,0%,10
https://axiantpartners.com/fix-and-flip/articles/what-do-lenders-look-for-fix-and-flip-loan/,0,3,0%,10
https://axiantpartners.com/manufacturing-business-financing/manufacturing-equipment-financing-expand-capacity-without-cash-crunch/,0,3,0%,10.33
https://axiantpartners.com/startup-financing/articles/best-startup-financing-options-by-stage/,0,3,0%,10.33
https://axiantpartners.com/equipment/commercial-kitchen/,0,3,0%,15.33
https://axiantpartners.com/revenue-based-financing/articles/revenue-based-financing-saas-companies/,0,3,0%,15.67
https://axiantpartners.com/business-growth/articles/cold-calling-scripts-sequences-metrics-that-book-meetings/,0,3,0%,16
https://axiantpartners.com/equipment/cnc-machines/,0,3,0%,44
https://axiantpartners.com/cleaning-business-financing.html,0,3,0%,46.33
https://axiantpartners.com/500000-business-loan.html,0,3,0%,53
https://axiantpartners.com/articles/how-to-finance-buy-dental-practice/,0,3,0%,87.33
https://axiantpartners.com/equipment-financing/articles/500k-equipment-financing-without-down-payment/,0,2,0%,1
https://axiantpartners.com/equipment-financing/states/connecticut/,0,2,0%,1
https://axiantpartners.com/startup-financing/articles/startup-financing-no-revenue-options/,0,2,0%,1
https://axiantpartners.com/forestry-business-financing/logging-weather-shutdown-cash-flow/,0,2,0%,1.5
https://axiantpartners.com/equipment/industrial-robots/,0,2,0%,2
https://axiantpartners.com/commercial-real-estate-loans/articles/reasons-cre-loan-approval-taking-forever/,0,2,0%,3
https://axiantpartners.com/digital-marketing/articles/rfp-template-leads-seo-website-vendor/,0,2,0%,3
https://axiantpartners.com/merchant-cash-advance.html,0,2,0%,3.5
https://axiantpartners.com/equipment/conveyor-systems/,0,2,0%,4
https://axiantpartners.com/equipment/press-brakes/,0,2,0%,4
https://axiantpartners.com/manufacturing-business-financing.html,0,2,0%,4
https://axiantpartners.com/working-capital-loans/articles/mca-vs-working-capital-loan/,0,2,0%,4
https://axiantpartners.com/equipment/alignment-racks/,0,2,0%,4.5
https://axiantpartners.com/revenue-based-financing/articles/revenue-based-financing-traps/,0,2,0%,4.5
https://axiantpartners.com/business-line-of-credit/articles/what-do-lenders-look-for-business-line-of-credit/,0,2,0%,5
https://axiantpartners.com/commercial-real-estate-loans/articles/cre-loan-industrial-warehouse-properties/,0,2,0%,5
https://axiantpartners.com/equipment-financing/articles/laser-cutter-engraver-financing/,0,2,0%,5
https://axiantpartners.com/trucking-business-financing/new-authority-cash-flow-before-first-pay/,0,2,0%,5
https://axiantpartners.com/equipment-financing/articles/equipment-financing-vs-vendor-financing/,0,2,0%,5.5
https://axiantpartners.com/trucking-business-financing/owner-operator-add-second-truck-double-capacity/,0,2,0%,5.5
https://axiantpartners.com/equipment-financing/articles/equipment-loan-vs-sba-7a/,0,2,0%,6
https://axiantpartners.com/equipment-financing/states/florida/,0,2,0%,6
https://axiantpartners.com/no-credit-check-business-loans.html,0,2,0%,6
https://axiantpartners.com/equipment-financing/states/nebraska/,0,2,0%,6.5
https://axiantpartners.com/business-growth/articles/cold-outreach-compliance-prospecting/,0,2,0%,7
https://axiantpartners.com/equipment/tire-changers-balancers/,0,2,0%,7
https://axiantpartners.com/logistics-warehousing-business-financing/warehouse-expansion-financing-add-capacity-without-breakdowns/,0,2,0%,7
https://axiantpartners.com/startup-financing/articles/sba-microloan-startup-approval-guide/,0,2,0%,7
https://axiantpartners.com/articles/business-loan-approval-timeline-by-lender-type/,0,2,0%,7.5
https://axiantpartners.com/fencing-business-financing/financing-fencing-equipment/,0,2,0%,7.5
https://axiantpartners.com/merchant-cash-advance/articles/mca-for-retail-stores/,0,2,0%,7.5
https://axiantpartners.com/business-line-of-credit/articles/what-credit-score-needed-business-line-of-credit/,0,2,0%,8
https://axiantpartners.com/construction-business-financing/working-capital-subcontractors-invoices/,0,2,0%,8
https://axiantpartners.com/equipment/zero-turn-mowers/zero-turn-vs-standard-mower-financing/,0,2,0%,8
https://axiantpartners.com/healthcare-practice-financing-guide/,0,2,0%,8
https://axiantpartners.com/business-line-of-credit/articles/compare-unsecured-loc-offers-fees-apr/,0,2,0%,8.5
https://axiantpartners.com/fix-and-flip/articles/fix-and-flip-loan-first-time-flippers/,0,2,0%,8.5
https://axiantpartners.com/real-estate-investor-financing-guide/,0,2,0%,8.5
https://axiantpartners.com/startup-financing/articles/startup-financing-vs-line-of-credit/,0,2,0%,8.5
https://axiantpartners.com/business-growth/articles/borrow-grow-vs-survive-lender-perspective/,0,2,0%,9
https://axiantpartners.com/equipment-financing/articles/warehouse-equipment-financing-guide/,0,2,0%,9
https://axiantpartners.com/sba-loans/articles/sba-loan-restaurant-acquisition/,0,2,0%,9
https://axiantpartners.com/working-capital-loans/articles/emergency-business-loans-fast-funding/,0,2,0%,9
https://axiantpartners.com/commercial-real-estate-loans/articles/cre-loan-red-flags-recourse-prepayment-balloon-closing-costs/,0,2,0%,9.5
https://axiantpartners.com/commercial-real-estate-loans/articles/cre-loan-retail-strip-centers/,0,2,0%,9.5
https://axiantpartners.com/equipment/box-trucks/,0,2,0%,9.5
https://axiantpartners.com/equipment-financing/states/texas/,0,2,0%,10
https://axiantpartners.com/fix-and-flip/articles/fix-and-flip-vs-hard-money-loan/,0,2,0%,10
https://axiantpartners.com/digital-marketing/articles/ai-appointment-setting-vs-human-sdrs/,0,2,0%,10.5
https://axiantpartners.com/equipment/commercial-kitchen/commercial-kitchen-lease-vs-buy/,0,2,0%,10.5
https://axiantpartners.com/commercial-bridge-loans/articles/bridge-loan-pitfalls-what-can-go-wrong/,0,2,0%,11
https://axiantpartners.com/construction-business-financing/how-contractors-cover-payroll-materials-before-project-draws/,0,2,0%,11
https://axiantpartners.com/gym-fitness-financing-guide/,0,2,0%,11.5
https://axiantpartners.com/equipment/bulldozers/bulldozer-financing-leasing/,0,2,0%,12.5
https://axiantpartners.com/equipment/landscape-trailers/,0,2,0%,12.5
https://axiantpartners.com/articles/roofing-business-loans/,0,2,0%,14
https://axiantpartners.com/equipment/log-trucks/,0,2,0%,20
https://axiantpartners.com/business-growth/articles/ai-tools-stack-without-wasting-money-smb/,0,2,0%,21.5
https://axiantpartners.com/trucking-business-financing/bridge-net-30-net-45-gap-without-missing-fuel-and-payroll/,0,2,0%,21.5
https://axiantpartners.com/equipment-financing/articles/whats-stopping-you-equipment-financing/,0,2,0%,31
https://axiantpartners.com/equipment/semi-trucks/used-semi-truck-financing/,0,2,0%,33.5
https://axiantpartners.com/equipment/forklifts/electric-forklift-financing/,0,2,0%,35.5
https://axiantpartners.com/business-line-of-credit/articles/payroll-costs-up-inflation-line-of-credit-keep-workers/,0,2,0%,38.5
https://axiantpartners.com/commercial-real-estate-loans/articles/what-do-lenders-look-for-commercial-real-estate-loan/,0,2,0%,44
https://axiantpartners.com/merchant-cash-advance/articles/how-much-can-you-qualify-for-merchant-cash-advance/,0,2,0%,44
https://axiantpartners.com/business-loan-documents-checklist/,0,2,0%,48.5
https://axiantpartners.com/equipment-financing/articles/equipment-sale-leaseback-financing/,0,2,0%,57
https://axiantpartners.com/business-loan-for-payroll.html,0,2,0%,69
https://axiantpartners.com/equipment-financing/articles/how-to-apply-equipment-financing/,0,2,0%,94
https://axiantpartners.com/fix-and-flip/articles/fix-and-flip-loan-out-of-state-investors/,0,1,0%,1
https://axiantpartners.com/fix-and-flip/articles/fix-and-flip-loan-red-flags-points-fees-draw-schedule-prepayment/,0,1,0%,1
https://axiantpartners.com/hvac-business-financing/financing-hvac-service-van/,0,1,0%,1
https://axiantpartners.com/equipment-financing/articles/can-equipment-financing-help-build-business-credit/,0,1,0%,2
https://axiantpartners.com/equipment/semi-trucks/semi-truck-financing-denied-reasons-fixes/,0,1,0%,2
https://axiantpartners.com/business-growth/articles/ai-in-sales-and-marketing-practical-and-compliant/,0,1,0%,3
https://axiantpartners.com/commercial-bridge-loans/articles/bridge-loan-value-add-commercial-property/,0,1,0%,3
https://axiantpartners.com/commercial-real-estate-loans/articles/cre-loan-mistakes-delay-deny-closing/,0,1,0%,3
https://axiantpartners.com/fix-and-flip/articles/fix-and-flip-mistakes-to-avoid/,0,1,0%,3
https://axiantpartners.com/privacy-policy.html,0,1,0%,3
https://axiantpartners.com/construction-business-financing/steel-lumber-prices-finance-job/,0,1,0%,4
https://axiantpartners.com/digital-marketing/articles/seo-agency-vs-in-house-vs-fractional-model/,0,1,0%,4
https://axiantpartners.com/equipment-financing/states/alaska/,0,1,0%,4
https://axiantpartners.com/roofing-business-financing/roofing-insurance-claim-payment-delays/,0,1,0%,4
https://axiantpartners.com/startup-financing/articles/startup-financing-application-checklist-2026/,0,1,0%,4
https://axiantpartners.com/startup-financing/articles/startup-loan-red-flags-fees-terms-fine-print/,0,1,0%,4
https://axiantpartners.com/trucking-business-financing/working-capital-for-trucking/,0,1,0%,4
https://axiantpartners.com/business-term-loans/articles/secured-business-loan-approval-timeline/,0,1,0%,5
https://axiantpartners.com/equipment-financing/articles/equipment-financing-bank-statements-red-flags/,0,1,0%,5
https://axiantpartners.com/equipment-financing/states/new-jersey/,0,1,0%,5
https://axiantpartners.com/equipment/cargo-vans/sprinter-van-financing-delivery/,0,1,0%,5
https://axiantpartners.com/equipment/combines/used-combine-financing/,0,1,0%,5
https://axiantpartners.com/equipment/shop-tools-storage/,0,1,0%,5
https://axiantpartners.com/logistics-warehousing-business-financing/forklift-fleet-financing-reduce-downtime-improve-throughput/,0,1,0%,5
https://axiantpartners.com/sba-loans/articles/boutique-retail-store-financing/,0,1,0%,5
https://axiantpartners.com/sba-loans/articles/veterinary-practice-loan-vs-small-business-loan/,0,1,0%,5
https://axiantpartners.com/250000-business-loan.html,0,1,0%,6
https://axiantpartners.com/articles/reasons-business-loan-interest-rate-higher-than-expected/,0,1,0%,6
https://axiantpartners.com/business-growth/articles/unit-economics-scaling-without-bankruptcy/,0,1,0%,6
https://axiantpartners.com/business-line-of-credit/articles/why-line-of-credit-limit-too-low/,0,1,0%,6
https://axiantpartners.com/business-term-loans/articles/business-term-loan-requirements/,0,1,0%,6
https://axiantpartners.com/digital-marketing/articles/ai-lead-generation-what-you-are-buying/,0,1,0%,6
https://axiantpartners.com/equipment/box-trucks/box-truck-financing-delivery-business/,0,1,0%,6
https://axiantpartners.com/sba-loans/articles/food-truck-financing/,0,1,0%,6
https://axiantpartners.com/startup-financing/articles/how-to-qualify-for-startup-financing/,0,1,0%,6
https://axiantpartners.com/articles/business-loan-for-a-new-llc/,0,1,0%,7
https://axiantpartners.com/business-line-of-credit/articles/,0,1,0%,7
https://axiantpartners.com/equipment/excavators/excavator-lease-vs-loan/,0,1,0%,7
https://axiantpartners.com/merchant-cash-advance/articles/get-out-of-stacked-mcas-without-bankruptcy/,0,1,0%,7
https://axiantpartners.com/working-capital-loans/articles/working-capital-line-of-credit/,0,1,0%,7
https://axiantpartners.com/working-capital-loans/articles/working-capital-loan-war-driven-cost-increases-trucking-construction-landscaping/,0,1,0%,7
https://axiantpartners.com/articles/what-to-do-if-business-loan-denied/,0,1,0%,8
https://axiantpartners.com/business-growth/articles/referral-funnel-service-businesses/,0,1,0%,8
https://axiantpartners.com/equipment-financing/articles/restaurant-kitchen-equipment-financing-complete-guide/,0,1,0%,8
https://axiantpartners.com/equipment-financing/articles/what-credit-score-needed-equipment-financing/,0,1,0%,8
https://axiantpartners.com/equipment/bulldozers/,0,1,0%,8
https://axiantpartners.com/equipment/diagnostic-equipment-auto/,0,1,0%,8
https://axiantpartners.com/equipment/medical-imaging/used-medical-imaging-financing/,0,1,0%,8
https://axiantpartners.com/moving-company-business-financing/financing-moving-trucks-fleet/,0,1,0%,8
https://axiantpartners.com/startup-financing/articles/startup-financing-mistakes-to-avoid/,0,1,0%,8
https://axiantpartners.com/business-growth/articles/cold-email-deliverability-domains-warmup-inbox/,0,1,0%,9
https://axiantpartners.com/commercial-real-estate-loans/articles/sba-504-vs-conventional-commercial-real-estate-loan/,0,1,0%,9
https://axiantpartners.com/construction-business-financing/credit-score-needed-contractor-financing/,0,1,0%,9
https://axiantpartners.com/construction-business-financing/electrical-contractor-financing/,0,1,0%,9
https://axiantpartners.com/digital-marketing/articles/cold-email-ai-personalization-compliance-us/,0,1,0%,9
https://axiantpartners.com/equipment-financing/articles/restaurant-equipment-financing/,0,1,0%,9
https://axiantpartners.com/equipment/flatbed-trucks/,0,1,0%,9
https://axiantpartners.com/logistics-warehousing-business-financing/working-capital-logistics-companies-cover-payroll-fuel-contract-delays/,0,1,0%,9
https://axiantpartners.com/merchant-cash-advance/articles/how-to-get-out-of-a-merchant-cash-advance/,0,1,0%,9
https://axiantpartners.com/restaurant-financing-guide/,0,1,0%,9
https://axiantpartners.com/trucking-business-financing/deadhead-miles-cash-drain/,0,1,0%,9
https://axiantpartners.com/50000-business-loan.html,0,1,0%,10
https://axiantpartners.com/articles/business-loan-to-pay-irs-back-taxes/,0,1,0%,10
https://axiantpartners.com/articles/how-to-compare-business-loan-offers/,0,1,0%,10
https://axiantpartners.com/business-growth/articles/scale-paid-ads-tight-margins-framework/,0,1,0%,10
https://axiantpartners.com/business-loans-new-york.html,0,1,0%,10
https://axiantpartners.com/digital-marketing/articles/small-business-website-pages-seo-conversion/,0,1,0%,10
https://axiantpartners.com/equipment-financing/states/kansas/,0,1,0%,10
https://axiantpartners.com/equipment/lathes-milling-machines/,0,1,0%,10
https://axiantpartners.com/hvac-business-financing/hvac-parts-inventory-financing/,0,1,0%,10
https://axiantpartners.com/sba-loans.html,0,1,0%,10
https://axiantpartners.com/startup-financing/articles/startup-financing-documents-checklist/,0,1,0%,10
https://axiantpartners.com/trucking-business-financing/insurance-down-payment-renewal-cash-crunch/,0,1,0%,10
https://axiantpartners.com/business-growth/articles/raise-prices-without-losing-clients/,0,1,0%,11
https://axiantpartners.com/commercial-real-estate-loans/articles/cash-out-vs-rate-and-term-commercial-refinance/,0,1,0%,11
https://axiantpartners.com/construction-business-financing/permit-utility-deposit-cash-crunch/,0,1,0%,11
https://axiantpartners.com/equipment-financing/articles/reasons-lenders-say-no-equipment-deal/,0,1,0%,11
https://axiantpartners.com/equipment-financing/articles/trucking-equipment-financing/,0,1,0%,11
https://axiantpartners.com/invoice-factoring.html,0,1,0%,11
https://axiantpartners.com/restaurants-business-financing/restaurant-financing-open-faster-less-stress/,0,1,0%,11
https://axiantpartners.com/startup-financing/articles/startup-financing-requirements-2026/,0,1,0%,11
https://axiantpartners.com/working-capital-loans/articles/how-much-can-you-qualify-for-working-capital-loan/,0,1,0%,11
https://axiantpartners.com/restaurants-business-financing/fund-second-location-keep-first-location-stable/,0,1,0%,12
https://axiantpartners.com/working-capital-loans/articles/what-do-lenders-look-for-working-capital-loan-application/,0,1,0%,12
https://axiantpartners.com/articles/business-loans-with-a-tax-lien/,0,1,0%,13
https://axiantpartners.com/business-growth/articles/predictable-lead-pipeline-90-days-without-doubling-ad-spend/,0,1,0%,15
https://axiantpartners.com/business-term-loans/articles/term-loan-for-manufacturing-expansion/,0,1,0%,15
https://axiantpartners.com/auto-repair-shop-financing-guide/,0,1,0%,17
https://axiantpartners.com/startup-financing.html,0,1,0%,17
https://axiantpartners.com/revenue-based-financing/articles/revenue-based-financing-d2c-brands/,0,1,0%,18
https://axiantpartners.com/medical-practices-business-financing/medical-practice-financing-open-second-location-without-cash-stress/,0,1,0%,19
https://axiantpartners.com/startup-financing/articles/startup-financing-denied-what-to-do/,0,1,0%,22
https://axiantpartners.com/business-term-loans/articles/when-is-business-term-loan-not-right-option/,0,1,0%,23
https://axiantpartners.com/equipment/cnc-machines/cnc-machine-financing-machine-shops/,0,1,0%,23
https://axiantpartners.com/equipment-financing/states/north-carolina/,0,1,0%,24
https://axiantpartners.com/equipment-financing/articles/equipment-financing-vs-business-credit-card/,0,1,0%,25
https://axiantpartners.com/startup-financing/articles/startup-financing-rates-fees-costs/,0,1,0%,33
https://axiantpartners.com/sba-loans/articles/sba-loan-veterinary-practice/,0,1,0%,37
https://axiantpartners.com/trucking-business-financing/fuel-surcharges-killing-margins-financing-owner-operators/,0,1,0%,46
https://axiantpartners.com/equipment-financing/articles/equipment-financing-pre-approval/,0,1,0%,49
https://axiantpartners.com/sba-loans/articles/sba-7a-vs-504-loan/,0,1,0%,52
https://axiantpartners.com/fix-and-flip.html,0,1,0%,54
https://axiantpartners.com/working-capital-loans.html,0,1,0%,55
https://axiantpartners.com/commercial-bridge-loans/articles/construction-loan-vs-bridge-loan/,0,1,0%,66
https://axiantpartners.com/business-debt-relief/articles/auto-repair-debt-relief/,0,1,0%,82
https://axiantpartners.com/plumbing-business-financing.html,0,1,0%,92
https://axiantpartners.com/business-debt-relief/articles/,0,1,0%,94
https://axiantpartners.com/trucking-business-financing/ifta-quarterly-tax-bill-cash-crunch/,0,1,0%,109