page_url,page_h1,section_heading,target_filename,suggested_subject
/150000-business-loan.html,"How to get a $150,000 business loan.","What lenders actually check at $150,000",assets/aside/150000-business-loan-1.webp,owner in their own premises reviewing figures - scale matched to the loan size
/150000-business-loan.html,"How to get a $150,000 business loan.","Secured vs. unsecured, and SBA vs. online at $150,000",assets/aside/150000-business-loan-2.webp,owner in their own premises reviewing figures - scale matched to the loan size
/2-million-business-loan.html,How to get a $2 million business loan.,"The $2 million underwriting process, and how to speed it",assets/aside/2-million-business-loan-1.webp,owner in their own premises reviewing figures - scale matched to the loan size
/2-million-business-loan.html,How to get a $2 million business loan.,"Down payment, collateral, and choosing the structure",assets/aside/2-million-business-loan-2.webp,owner in their own premises reviewing figures - scale matched to the loan size
/25000-business-loan.html,"How to get a $25,000 business loan.","Can you get $25,000 with bad credit or no collateral?",assets/aside/25000-business-loan-1.webp,owner in their own premises reviewing figures - scale matched to the loan size
/25000-business-loan.html,"How to get a $25,000 business loan.","Get approved fast — and use $25,000 well",assets/aside/25000-business-loan-2.webp,owner in their own premises reviewing figures - scale matched to the loan size
/5-million-business-loan.html,How to get a $5 million business loan.,"What slows a $5 million close, and how to stay ahead of it",assets/aside/5-million-business-loan-1.webp,owner in their own premises reviewing figures - scale matched to the loan size
/5-million-business-loan.html,How to get a $5 million business loan.,$5 million business loan FAQs,assets/aside/5-million-business-loan-2.webp,owner in their own premises reviewing figures - scale matched to the loan size
/articles/business-loan-to-pay-irs-back-taxes/,Business loan to pay the IRS or back taxes,What to do now,assets/aside/articles-business-loan-to-pay-irs-back-taxes-1.webp,editorial image supporting: What to do now
/articles/business-loan-to-pay-irs-back-taxes/,Business loan to pay the IRS or back taxes,Payroll taxes and state debt: a special warning,assets/aside/articles-business-loan-to-pay-irs-back-taxes-2.webp,editorial image supporting: Payroll taxes and state debt: a special warning
/articles/business-loans-after-bankruptcy/,Business loans after bankruptcy: when and how you can qualify,"What opens up, and roughly when",assets/aside/articles-business-loans-after-bankruptcy-1.webp,"editorial image supporting: What opens up, and roughly when"
/articles/business-loans-after-bankruptcy/,Business loans after bankruptcy: when and how you can qualify,A realistic rebuild timeline,assets/aside/articles-business-loans-after-bankruptcy-2.webp,editorial image supporting: A realistic rebuild timeline
/articles/business-loans-behind-on-payments/,Behind on business loan payments? Your options before default,Your real options,assets/aside/articles-business-loans-behind-on-payments-1.webp,editorial image supporting: Your real options
/articles/business-loans-behind-on-payments/,Behind on business loan payments? Your options before default,How to actually talk to your lender,assets/aside/articles-business-loans-behind-on-payments-2.webp,editorial image supporting: How to actually talk to your lender
/articles/factor-rate-vs-apr-business-loan-cost/,Factor rate vs. APR: what a business loan actually costs,What is APR — and why it's different,assets/aside/articles-factor-rate-vs-apr-business-loan-cost-1.webp,editorial image supporting: What is APR — and why it's different
/articles/first-time-business-borrower-guide/,The first-time business borrower's guide to getting funded,"The path, in six steps",assets/aside/articles-first-time-business-borrower-guide-1.webp,"editorial image supporting: The path, in six steps"
/articles/first-time-business-borrower-guide/,The first-time business borrower's guide to getting funded,"Key terms, in plain English",assets/aside/articles-first-time-business-borrower-guide-2.webp,"editorial image supporting: Key terms, in plain English"
/articles/how-much-should-you-borrow-business-loan/,How much should you borrow for your business?,"Start with the use, not the number",assets/aside/articles-how-much-should-you-borrow-business-loan-1.webp,"editorial image supporting: Start with the use, not the number"
/articles/how-much-should-you-borrow-business-loan/,How much should you borrow for your business?,How lenders turn your numbers into a loan amount,assets/aside/articles-how-much-should-you-borrow-business-loan-2.webp,editorial image supporting: How lenders turn your numbers into a loan amount
/articles/improve-business-loan-approval-odds/,How to improve your business loan approval odds,The 7 levers lenders actually weigh,assets/aside/articles-improve-business-loan-approval-odds-1.webp,editorial image supporting: The 7 levers lenders actually weigh
/articles/improve-business-loan-approval-odds/,How to improve your business loan approval odds,Quick wins in the next 30 days,assets/aside/articles-improve-business-loan-approval-odds-2.webp,editorial image supporting: Quick wins in the next 30 days
/articles/self-employed-business-loans/,Business loans for the self-employed & 1099 workers,How much can a self-employed borrower get?,assets/aside/articles-self-employed-business-loans-1.webp,editorial image supporting: How much can a self-employed borrower get?
/articles/separate-business-personal-finances/,Separate your business & personal finances to qualify,Why this is the lever that quietly decides applications,assets/aside/articles-separate-business-personal-finances-1.webp,editorial image supporting: Why this is the lever that quietly decides applications
/articles/separate-business-personal-finances/,Separate your business & personal finances to qualify,The 6 steps to clean separation,assets/aside/articles-separate-business-personal-finances-2.webp,editorial image supporting: The 6 steps to clean separation
/articles/which-business-loan-is-right-for-you/,Which business loan is right for you?,Match by what you need,assets/aside/articles-which-business-loan-is-right-for-you-1.webp,editorial image supporting: Match by what you need
/articles/which-business-loan-is-right-for-you/,Which business loan is right for you?,Three mistakes that send people to the wrong loan,assets/aside/articles-which-business-loan-is-right-for-you-2.webp,editorial image supporting: Three mistakes that send people to the wrong loan
/best-small-business-loans.html,Best Small Business Loans of 2026,"The Best Small Business Loans, Reviewed",assets/aside/best-small-business-loans-1.webp,independent shop owner opening up for the day
/business-acquisition-financing.html,Business Acquisition Financing,What Is Business Acquisition Financing?,assets/aside/business-acquisition-financing-1.webp,"two owners shaking hands across a desk, folder open"
/business-acquisition-financing.html,Business Acquisition Financing,The Four Ways to Finance a Business Acquisition,assets/aside/business-acquisition-financing-2.webp,"two owners shaking hands across a desk, folder open"
/business-debt-consolidation.html,Consolidate Stacked MCAs & High-Cost Business Debt Into One Payment,What Is Business Debt Consolidation?,assets/aside/business-debt-consolidation-1.webp,"owner at a kitchen table with statements, calm not distressed"
/business-debt-consolidation.html,Consolidate Stacked MCAs & High-Cost Business Debt Into One Payment,What to Know Before You Consolidate,assets/aside/business-debt-consolidation-2.webp,"owner at a kitchen table with statements, calm not distressed"
/business-debt-relief.html,Business Debt Relief: Get Out From Under Stacked Payments,What Is Business Debt Relief?,assets/aside/business-debt-relief-1.webp,"owner at a kitchen table with statements, calm not distressed"
/business-debt-relief.html,Business Debt Relief: Get Out From Under Stacked Payments,What to Know Before You Choose Debt Relief,assets/aside/business-debt-relief-2.webp,"owner at a kitchen table with statements, calm not distressed"
/business-growth-financing/borrow-to-grow-not-to-survive-the-right-way-to-use-business-capital/,"Borrow to Grow, Not to Survive: The Right Way to Use Business Capital",Quick Action Checklist,assets/aside/business-growth-financing-borrow-to-grow-not-to-survive-the-right-way-to-use-business-capital-1.webp,small team reviewing numbers together in a back office
/business-growth-financing/growth-capital-for-e-commerce-scale-ads-and-inventory-together/,Growth Capital for E-commerce: Scale Ads and Inventory Together,Executive Wrap-Up,assets/aside/business-growth-financing-growth-capital-for-e-commerce-scale-ads-and-inventory-together-1.webp,small team reviewing numbers together in a back office
/business-growth-financing/how-to-finance-inventory-for-peak-season-without-stockouts/,How to Finance Inventory for Peak Season Without Stockouts,Final Governance Checklist,assets/aside/business-growth-financing-how-to-finance-inventory-for-peak-season-without-stockouts-1.webp,small team reviewing numbers together in a back office
/business-growth-financing/how-to-use-financing-to-grow-revenue-without-creating-a-cash-flow-crisis/,How to Use Financing to Grow Revenue Without Creating a Cash-Flow Cris,Quick Action Checklist,assets/aside/business-growth-financing-how-to-use-financing-to-grow-revenue-without-creating-a-cash-flow-crisis-1.webp,small team reviewing numbers together in a back office
/business-growth.html,Business Growth Strategies That Turn Attention Into Revenue,What Strong Growth Measurement Looks Like,assets/aside/business-growth-1.webp,small team reviewing numbers together in a back office
/business-loans-atlanta.html,Business loans for the capital of the new South.,Financing by Atlanta industry,assets/aside/business-loans-atlanta-1.webp,"Atlanta small-business main street or a recognisable local storefront, daytime"
/business-loans-atlanta.html,Business loans for the capital of the new South.,Atlanta-specific considerations,assets/aside/business-loans-atlanta-2.webp,"Atlanta small-business main street or a recognisable local storefront, daytime"
/business-loans-california.html,"Business loans for California, region by region.","One state, a dozen economies",assets/aside/business-loans-california-1.webp,"California small-business main street or a recognisable local storefront, daytime"
/business-loans-california.html,"Business loans for California, region by region.",The California cost squeeze — and how borrowing answers it,assets/aside/business-loans-california-2.webp,"California small-business main street or a recognisable local storefront, daytime"
/business-loans-florida.html,Business loans that ride Florida's seasons.,Financing by Florida industry,assets/aside/business-loans-florida-1.webp,"Florida small-business main street or a recognisable local storefront, daytime"
/business-loans-florida.html,Business loans that ride Florida's seasons.,Florida-specific considerations,assets/aside/business-loans-florida-2.webp,"Florida small-business main street or a recognisable local storefront, daytime"
/business-loans-georgia.html,Business loans for the state that moves everything.,Financing by Georgia industry,assets/aside/business-loans-georgia-1.webp,"Georgia small-business main street or a recognisable local storefront, daytime"
/business-loans-georgia.html,Business loans for the state that moves everything.,Georgia-specific considerations,assets/aside/business-loans-georgia-2.webp,"Georgia small-business main street or a recognisable local storefront, daytime"
/business-loans-illinois.html,Business loans for America's crossroads.,Financing by Illinois industry,assets/aside/business-loans-illinois-1.webp,"Illinois small-business main street or a recognisable local storefront, daytime"
/business-loans-illinois.html,Business loans for America's crossroads.,Illinois-specific considerations,assets/aside/business-loans-illinois-2.webp,"Illinois small-business main street or a recognisable local storefront, daytime"
/business-loans-new-york.html,Business loans for New York's high-stakes market.,Financing by New York industry,assets/aside/business-loans-new-york-1.webp,"New York small-business main street or a recognisable local storefront, daytime"
/business-loans-new-york.html,Business loans for New York's high-stakes market.,New York-specific considerations,assets/aside/business-loans-new-york-2.webp,"New York small-business main street or a recognisable local storefront, daytime"
/business-loans-north-carolina.html,Business loans for North Carolina — from people who are here.,Financing by North Carolina industry,assets/aside/business-loans-north-carolina-1.webp,"North Carolina small-business main street or a recognisable local storefront, daytime"
/business-loans-north-carolina.html,Business loans for North Carolina — from people who are here.,North Carolina-specific considerations — and a local note,assets/aside/business-loans-north-carolina-2.webp,"North Carolina small-business main street or a recognisable local storefront, daytime"
/business-loans-pennsylvania.html,"Business loans for eds, meds, and energy country.",Financing by Pennsylvania industry,assets/aside/business-loans-pennsylvania-1.webp,"Pennsylvania small-business main street or a recognisable local storefront, daytime"
/business-loans-pennsylvania.html,"Business loans for eds, meds, and energy country.",Pennsylvania-specific considerations,assets/aside/business-loans-pennsylvania-2.webp,"Pennsylvania small-business main street or a recognisable local storefront, daytime"
/business-loans-texas.html,Business loans for the way Texas grows.,Financing by Texas sector,assets/aside/business-loans-texas-1.webp,"Texas small-business main street or a recognisable local storefront, daytime"
/business-loans-texas.html,Business loans for the way Texas grows.,Texas-specific considerations,assets/aside/business-loans-texas-2.webp,"Texas small-business main street or a recognisable local storefront, daytime"
/corporate-and-asset-finance.html,Corporate & Asset Finance for U.S. Businesses,The Four Types of Corporate & Asset Finance,assets/aside/corporate-and-asset-finance-1.webp,"commercial building or fleet asset, wide establishing shot"
/dental-practice-financing.html,"Dental Practice Financing: Equipment, Build-Outs, Acquisition & Workin",Why Dental Practices Need Financing That Fits Their Industry,assets/aside/dental-practice-financing-1.webp,"dental operatory with chair and equipment, dentist prepping"
/down-payment-assistance.html,Down Payment Assistance for Business & SBA Loans,What Is an Equity Injection? (The SBA Term for Your Down Payment),assets/aside/down-payment-assistance-1.webp,couple reviewing figures with a lender at a desk
/dscr-lenders.html,Best DSCR Lenders in 2026 — and How to Actually Compare Them,The Seven Criteria That Actually Separate DSCR Lenders,assets/aside/dscr-lenders-1.webp,"exterior of a small rental property (duplex or 1-4 unit), investor with keys - no people-heavy staging"
/dscr-lenders.html,Best DSCR Lenders in 2026 — and How to Actually Compare Them,Frequently Asked Questions,assets/aside/dscr-lenders-2.webp,"exterior of a small rental property (duplex or 1-4 unit), investor with keys - no people-heavy staging"
/dscr-loan-florida.html,DSCR Loans in Florida: Why Insurance Decides the File,Insurance Is the Whole Game in Florida,assets/aside/dscr-loan-florida-1.webp,"exterior of a small rental property (duplex or 1-4 unit), investor with keys - no people-heavy staging"
/dscr-loan-florida.html,DSCR Loans in Florida: Why Insurance Decides the File,Frequently Asked Questions,assets/aside/dscr-loan-florida-2.webp,"exterior of a small rental property (duplex or 1-4 unit), investor with keys - no people-heavy staging"
/dscr-loan-rates.html,DSCR Loan Rates: The Five Inputs That Actually Set Your Price,What the Ratio Is Worth,assets/aside/dscr-loan-rates-1.webp,"exterior of a small rental property (duplex or 1-4 unit), investor with keys - no people-heavy staging"
/dscr-loan-rates.html,DSCR Loan Rates: The Five Inputs That Actually Set Your Price,Frequently Asked Questions,assets/aside/dscr-loan-rates-2.webp,"exterior of a small rental property (duplex or 1-4 unit), investor with keys - no people-heavy staging"
/dscr-loan-requirements.html,DSCR Loan Requirements: What You Actually Need to Qualify,The Rent Schedule — the Requirement That Decides Most Files,assets/aside/dscr-loan-requirements-1.webp,"exterior of a small rental property (duplex or 1-4 unit), investor with keys - no people-heavy staging"
/dscr-loan-requirements.html,DSCR Loan Requirements: What You Actually Need to Qualify,Frequently Asked Questions,assets/aside/dscr-loan-requirements-2.webp,"exterior of a small rental property (duplex or 1-4 unit), investor with keys - no people-heavy staging"
/dscr-loan-texas.html,DSCR Loans in Texas: What Property Tax Does to Your Ratio,"A Texas Deal, Worked",assets/aside/dscr-loan-texas-1.webp,"exterior of a small rental property (duplex or 1-4 unit), investor with keys - no people-heavy staging"
/dscr-loan-texas.html,DSCR Loans in Texas: What Property Tax Does to Your Ratio,Frequently Asked Questions,assets/aside/dscr-loan-texas-2.webp,"exterior of a small rental property (duplex or 1-4 unit), investor with keys - no people-heavy staging"
/dscr-loans.html,"DSCR Loans: Qualify on the Property’s Rent, Not Your Income",What a DSCR Loan Costs,assets/aside/dscr-loans-1.webp,"exterior of a small rental property (duplex or 1-4 unit), investor with keys - no people-heavy staging"
/dscr-loans.html,"DSCR Loans: Qualify on the Property’s Rent, Not Your Income",Frequently Asked Questions,assets/aside/dscr-loans-2.webp,"exterior of a small rental property (duplex or 1-4 unit), investor with keys - no people-heavy staging"
/equipment-financing.html,Get the Equipment You Need Without Draining Your Cash,Equipment Financing Options,assets/aside/equipment-financing-1.webp,"mixed equipment on a dealer lot, buyer inspecting"
/equipment/backhoes/,"Backhoe Financing: Equipment Loans, Leases & SBA Programs",When to Apply for Backhoe Financing,assets/aside/equipment-backhoes-1.webp,"a backhoe at work on a real jobsite - operator in hi-vis, daylight, no logos"
/equipment/box-trucks/,"Box Truck Financing: Equipment Loans, Leases & SBA Programs",What to Have Ready Before You Apply,assets/aside/equipment-box-trucks-1.webp,"a box truck at work on a real jobsite - operator in hi-vis, daylight, no logos"
/equipment/bucket-trucks/,"Bucket Truck Financing: Equipment Loans, Leases & SBA Programs",Why Bucket Truck Financing Is Different,assets/aside/equipment-bucket-trucks-1.webp,"a bucket truck at work on a real jobsite - operator in hi-vis, daylight, no logos"
/equipment/bulldozers/,"Bulldozer Financing: Equipment Loans, Leases & SBA Programs",Why Bulldozer Financing Is Different,assets/aside/equipment-bulldozers-1.webp,"a bulldozer at work on a real jobsite - operator in hi-vis, daylight, no logos"
/equipment/cargo-vans/,"Cargo Van Financing: Equipment Loans, Leases & SBA Programs",Cargo Van Financing Rates and Monthly Payments,assets/aside/equipment-cargo-vans-1.webp,"a cargo van at work on a real jobsite - operator in hi-vis, daylight, no logos"
/equipment/cargo-vans/,"Cargo Van Financing: Equipment Loans, Leases & SBA Programs",What to Have Ready Before You Apply,assets/aside/equipment-cargo-vans-2.webp,"a cargo van at work on a real jobsite - operator in hi-vis, daylight, no logos"
/equipment/dump-trucks/,"Dump Truck Financing: Equipment Loans, Leases & SBA Programs",What Is a Dump Truck?,assets/aside/equipment-dump-trucks-1.webp,"a dump truck at work on a real jobsite - operator in hi-vis, daylight, no logos"
/equipment/dump-trucks/,"Dump Truck Financing: Equipment Loans, Leases & SBA Programs",Why Dump Truck Financing Is Different,assets/aside/equipment-dump-trucks-2.webp,"a dump truck at work on a real jobsite - operator in hi-vis, daylight, no logos"
/equipment/excavators/,"Excavator Financing: Equipment Loans, Leases & SBA Programs",Why Excavator Financing Is Different,assets/aside/equipment-excavators-1.webp,"a excavator at work on a real jobsite - operator in hi-vis, daylight, no logos"
/equipment/excavators/,"Excavator Financing: Equipment Loans, Leases & SBA Programs",What to Have Ready Before You Apply,assets/aside/equipment-excavators-2.webp,"a excavator at work on a real jobsite - operator in hi-vis, daylight, no logos"
/equipment/flatbed-trucks/,"Flatbed Truck Financing: Equipment Loans, Leases & SBA Programs",Why Flatbed Truck Financing Is Different,assets/aside/equipment-flatbed-trucks-1.webp,"a flatbed truck at work on a real jobsite - operator in hi-vis, daylight, no logos"
/equipment/mini-excavators/,"Mini Excavator Financing: Equipment Loans, Leases & SBA Programs",Why Mini Excavator Financing Is Different,assets/aside/equipment-mini-excavators-1.webp,"a mini excavator at work on a real jobsite - operator in hi-vis, daylight, no logos"
/equipment/semi-trucks/,"Semi Truck Financing: Equipment Loans, Leases & SBA Programs",Why Semi Truck Financing Is Different,assets/aside/equipment-semi-trucks-1.webp,"a semi truck at work on a real jobsite - operator in hi-vis, daylight, no logos"
/equipment/semi-trucks/,"Semi Truck Financing: Equipment Loans, Leases & SBA Programs",What to Have Ready Before You Apply,assets/aside/equipment-semi-trucks-2.webp,"a semi truck at work on a real jobsite - operator in hi-vis, daylight, no logos"
/equipment/skid-steers/,"Skid Steer Financing: Equipment Loans, Leases & SBA Programs",Why Skid Steer Financing Is Different,assets/aside/equipment-skid-steers-1.webp,"a skid steer at work on a real jobsite - operator in hi-vis, daylight, no logos"
/equipment/stump-grinders/,"Stump Grinder Financing: Equipment Loans, Leases & SBA Programs",What Is a Stump Grinder?,assets/aside/equipment-stump-grinders-1.webp,"a stump grinder at work on a real jobsite - operator in hi-vis, daylight, no logos"
/equipment/stump-grinders/,"Stump Grinder Financing: Equipment Loans, Leases & SBA Programs",Why Stump Grinder Financing Is Different,assets/aside/equipment-stump-grinders-2.webp,"a stump grinder at work on a real jobsite - operator in hi-vis, daylight, no logos"
/equipment/tanker-trucks/,"Tanker Truck Financing: Equipment Loans, Leases & SBA Programs",Why Tanker Truck Financing Is Different,assets/aside/equipment-tanker-trucks-1.webp,"a tanker truck at work on a real jobsite - operator in hi-vis, daylight, no logos"
/equipment/trailers/,"Trailer Financing: Equipment Loans, Leases & SBA Programs",Trailer Financing Rates and Monthly Payments,assets/aside/equipment-trailers-1.webp,"a trailer at work on a real jobsite - operator in hi-vis, daylight, no logos"
/equipment/wheel-loaders/,"Wheel Loader Financing: Equipment Loans, Leases & SBA Programs",What Is a Wheel Loader?,assets/aside/equipment-wheel-loaders-1.webp,"a wheel loader at work on a real jobsite - operator in hi-vis, daylight, no logos"
/equipment/wheel-loaders/,"Wheel Loader Financing: Equipment Loans, Leases & SBA Programs",Why Wheel Loader Financing Is Different,assets/aside/equipment-wheel-loaders-2.webp,"a wheel loader at work on a real jobsite - operator in hi-vis, daylight, no logos"
/faq.html,Frequently Asked Questions,General questions,assets/aside/faq-1.webp,"friendly advisor at a desk, mid-conversation"
/faq.html,Frequently Asked Questions,Equipment financing,assets/aside/faq-2.webp,"friendly advisor at a desk, mid-conversation"
/fix-and-flip.html,Fix and Flip Loans: Fund Purchase and Renovation in One Loan,Fix and Flip Loan Rates,assets/aside/fix-and-flip-1.webp,"renovation mid-progress - stud walls, contractor and investor walking it"
/fix-and-flip.html,Fix and Flip Loans: Fund Purchase and Renovation in One Loan,ARV and Maximum LTV,assets/aside/fix-and-flip-2.webp,"renovation mid-progress - stud walls, contractor and investor walking it"
/invoice-factoring.html,Invoice Factoring: Turn Unpaid Invoices Into Working Capital,What Is Invoice Factoring?,assets/aside/invoice-factoring-1.webp,"warehouse dispatch desk - paperwork, laptop, forklift behind"
/invoice-factoring.html,Invoice Factoring: Turn Unpaid Invoices Into Working Capital,Recourse vs Non-Recourse Factoring,assets/aside/invoice-factoring-2.webp,"warehouse dispatch desk - paperwork, laptop, forklift behind"
/manufacturing-business-financing.html,"Manufacturing Business Financing: CNC, Equipment, SBA Loans & Working ","Manufacturing Equipment Financing: Fast Approval, Flexible Terms",assets/aside/manufacturing-business-financing-1.webp,"factory floor - CNC or assembly line, worker in safety glasses"
/medical-practices-business-financing/grow-your-practice-faster-with-smart-equipment-financing/,Grow Your Practice Faster With Smart Equipment Financing,Final Governance Checklist,assets/aside/medical-practices-business-financing-grow-your-practice-faster-with-smart-equipment-financing-1.webp,clinician using practice equipment in a modern clinic
/medical-practices-business-financing/how-to-finance-new-equipment-and-increase-revenue-per-patient/,How to Finance New Equipment and Increase Revenue Per Patient,Final Governance Checklist,assets/aside/medical-practices-business-financing-how-to-finance-new-equipment-and-increase-revenue-per-patient-1.webp,clinician using practice equipment in a modern clinic
/merchant-cash-advance.html,Merchant Cash Advance: Fast Capital Tied to Your Daily Sales,How Merchant Cash Advance Repayment Works,assets/aside/merchant-cash-advance-1.webp,"retail or cafe counter, card terminal, owner serving a customer"
/merchant-cash-advance.html,Merchant Cash Advance: Fast Capital Tied to Your Daily Sales,Why Your Daily Payment May Be Higher Than Expected,assets/aside/merchant-cash-advance-2.webp,"retail or cafe counter, card terminal, owner serving a customer"
/moving-company-business-financing.html,Moving Company Financing,"Moving Company Financing for Local, Long-Distance, and Commercial Move",assets/aside/moving-company-business-financing-1.webp,movers carrying boxes into a boxtruck outside a home
/moving-company-business-financing.html,Moving Company Financing,Financing Options for Moving Companies,assets/aside/moving-company-business-financing-2.webp,movers carrying boxes into a boxtruck outside a home
/privacy-policy.html,Privacy Policy,4. Information Sharing and Disclosure,assets/aside/privacy-policy-1.webp,"neutral office detail - desk, documents, soft daylight. Deliberately low-key"
/privacy-policy.html,Privacy Policy,5. SMS/Text Messaging and Mobile Opt-In Consent,assets/aside/privacy-policy-2.webp,"neutral office detail - desk, documents, soft daylight. Deliberately low-key"
/terms-and-conditions.html,Terms and Conditions,"7. Information Sharing, Licensing, and Commercial Use",assets/aside/terms-and-conditions-1.webp,"neutral office detail - desk, documents, soft daylight. Deliberately low-key"
/terms-and-conditions.html,Terms and Conditions,8. SMS/Text Messaging Terms,assets/aside/terms-and-conditions-2.webp,"neutral office detail - desk, documents, soft daylight. Deliberately low-key"
/towing-business-financing.html,Towing & Recovery Business Financing,"Towing & Recovery Financing for Light, Medium, and Heavy-Duty Operator",assets/aside/towing-business-financing-1.webp,tow truck loading a vehicle roadside
/towing-business-financing.html,Towing & Recovery Business Financing,Financing Options for Towing & Recovery Companies,assets/aside/towing-business-financing-2.webp,tow truck loading a vehicle roadside
/workover-rig-financing.html,Workover & Well Service Rig Financing,"New, Used, Owner-Operators & Fleets",assets/aside/workover-rig-financing-1.webp,"workover rig on a lease site, crew in FR coveralls"
