Top queries,Clicks,Impressions,CTR,Position
axiant partners,16,24,66.67%,1
axiant,4,143,2.8%,4.15
top reasons construction companies need working capital,0,235,0%,2.97
reasons construction companies need working capital,0,197,0%,3.01
imaging patient financing,0,123,0%,35.83
imaging financing service,0,95,0%,55.69
imaging financing company,0,92,0%,49.15
why restoration companies need working capital,0,91,0%,5.45
radiology patient financing,0,78,0%,47.18
commercial multifamily loan down payment typically 20% 30%,0,71,0%,10.42
construction company cash flow between jobs payment timing,0,67,0%,7.37
why cleaning companies need working capital,0,62,0%,4.58
how fast can i get semi truck financing,0,59,0%,10.15
offer imaging financing,0,59,0%,47.54
radiology financing company,0,58,0%,38.26
sba 504 vs 7a,0,57,0%,58.35
radiology financing service,0,54,0%,37.44
red flags in business loc offers fees rate resets covenants,0,52,0%,1.12
common reasons construction companies need working capital,0,51,0%,2.98
how much down payment to lease a semi truck,0,50,0%,43.84
commercial real estate loan down payment,0,50,0%,44.96
working capital for it staffing,0,48,0%,11.31
working capital loan vs merchant cash advance,0,47,0%,4.62
auto shop diagnostic machine financing options,0,47,0%,4.79
why construction companies need working capital,0,46,0%,4.59
is there financing that covers both purchase and rehab costs together?,0,44,0%,57.82
leasing vs buying a semi truck,0,42,0%,35.33
504 loan vs 7a,0,42,0%,51.95
how long to get a semi truck loan,0,41,0%,5.51
offer radiology financing,0,41,0%,27.56
sba 7a vs 504,0,41,0%,57.24
working capital loan vs mca cash flow impact,0,40,0%,1.7
working capital for staffing company,0,39,0%,14.59
top reasons restoration companies need working capital,0,38,0%,8.05
best business lines of credit 2026 comparison terms rates,0,38,0%,14.47
difference between 7a and 504 loans,0,38,0%,55.37
unsecured business lines of credit annual fees comparison,0,37,0%,15.41
504 vs 7a,0,37,0%,53.97
how long to get semi truck financing,0,36,0%,5.89
warehouse racks financing,0,36,0%,17.64
roofing industry working capital needs,0,35,0%,7.2
commercial dishwasher financing,0,35,0%,9.74
working capital for a staffing company,0,35,0%,12.71
unsecured business lines of credit interest rates comparison 2026,0,35,0%,14.46
finance a wheel loader,0,35,0%,15.86
leasing a semi truck vs buying,0,35,0%,36.2
accounts receivable financing,0,35,0%,80.49
documents required for revenue-based financing application,0,34,0%,1.59
what triggers margin call on securities backed loans sbl,0,33,0%,4.61
equipment financing approval delays,0,33,0%,4.64
how fast can i get equipment financing,0,33,0%,9.21
working capital solution for it staffing,0,33,0%,27.55
sba 504 vs. 7a,0,33,0%,60.03
reasons restoration companies need working capital,0,32,0%,5.34
leasing semi truck vs buying,0,31,0%,34.65
logging industry financing options,0,31,0%,46.81
difference between sba 7a and 504,0,31,0%,63.35
financing vendors for small fleets fewer than 10 trucks,0,30,0%,11.1
buying a big rig with bad credit,0,30,0%,36.83
seasonal working capital loan,0,30,0%,41.73
sba 7a loan vs 504,0,30,0%,55.83
"owner-occupied commercial real estate loans vs investment property loans 
utah differences",0,29,0%,5.31
loan staffing definition,0,29,0%,29.93
current business line of credit rates,0,29,0%,64.03
"what are red flags in long-term business loan offers (covenants, pg terms, 
hidden fees), and which professional services or companies are recommended 
to help review and negotiate these terms?",0,28,0%,3.89
"if my credit score is just over 500, what realistic equipment financing 
rates can i expect for a $50k cnc machine, and are there lenders that look 
beyond credit score to approve the deal?",0,28,0%,9.5
when to get semi truck financing,0,28,0%,43.14
common reasons restoration companies need working capital,0,27,0%,2.3
sap ariba business loan vs line of credit,0,27,0%,7.26
"business line of credit vs working capital loan for seasonal payroll 
financing",0,27,0%,14.26
invoice factoring,0,27,0%,80.67
unsecured business lines of credit for new businesses startups,0,26,0%,19.92
sba 7a vs 504 loans,0,26,0%,56.38
finance your flatbed truck,0,25,0%,11.48
working capital for staffing,0,25,0%,12.68
sba loans for veterinary practice improvements,0,24,0%,6.79
progress payment financing,0,24,0%,42.96
sba loan 7a vs 504,0,24,0%,66.96
top reasons paving companies need working capital,0,23,0%,5.09
what is the difference between sba 7a and 504 loans,0,23,0%,67.48
why painting companies need working capital,0,22,0%,3.91
biggest red flags in equipment financing offers,0,22,0%,6.23
"securities-based loan sbl explanation how it works liquidity without 
selling stocks",0,22,0%,12.14
stump removal payment plans,0,22,0%,25.77
what solutions allow me to finance both purchase and rehab costs together?,0,22,0%,62.45
reasons roofing companies need working capital,0,21,0%,9
sprinter van financing for business,0,21,0%,50.86
top reasons painting companies need working capital,0,20,0%,3.45
"what are typical approval times for different unsecured business lines of 
credit?",0,20,0%,4.5
why paving companies need working capital,0,20,0%,5.35
documentation required for equipment financing approval,0,20,0%,6.3
commercial multifamily loan down payment typically 20% to 30%,0,20,0%,9.7
construction industry needs working capital,0,20,0%,9.9
unsecured business line of credit interest rates comparison 2026,0,20,0%,16
fast equipment financing approval,0,20,0%,27.3
commercial lines of credit rates,0,20,0%,49.85
how to get an owner occupied commercial loan,0,20,0%,61.2
what is the interest rate on a business line of credit,0,20,0%,84.15
causes of delays in heavy equipment financing loans,0,19,0%,3.95
merchant cash advance vs working capital loan effective rates comparison,0,19,0%,4.42
best working capital for staffing agencies?,0,19,0%,9.53
axiantpartners.com,0,19,0%,12.26
trucking business growth financing,0,19,0%,13.63
sba loans for veterinarians,0,19,0%,25.42
top reasons handyman services need working capital,0,18,0%,1
secured business loan approval process time frame,0,18,0%,1.11
red flags in revenue-based financing rbf contracts,0,18,0%,12.11
credit scores used for equipment financing and leasing decisions,0,18,0%,14.94
tree stump removal equipment financing,0,18,0%,15.72
business line of credit rate,0,18,0%,51.67
how long does it take to get approved for a secured business loan,0,17,0%,3.53
documentation required for business expansion loan equipment purchase,0,17,0%,3.59
can i finance a complete automotive diagnostics setup for my shop?,0,17,0%,5.29
"owner-occupied commercial real estate loans vs investment property loans 
arizona differences",0,17,0%,5.76
"owner-occupied commercial real estate loans vs investment property loans 
idaho",0,17,0%,6
progress payments financing for construction company,0,17,0%,35.41
accounts receivable loans,0,17,0%,79.59
why roofing companies need working capital,0,16,0%,3.25
reasons paving companies need working capital,0,16,0%,4.38
axiant.co,0,16,0%,29.19
is leasing a semi truck a good idea,0,16,0%,47.69
what's the fastest closing time possible for bridge loan financing?,0,16,0%,50.5
working capital line of credit,0,16,0%,62.75
equipment financing rates for credit score 500-600 $50k cnc machine,0,15,0%,1.53
typical eligibility requirements for revenue-based financing,0,15,0%,2
plumbing industry working capital needs,0,15,0%,4.33
reasons why construction companies need working capital,0,15,0%,5.53
unsecured business line of credit fees typical costs,0,15,0%,6.07
commercial multifamily loan typical down payment 25% 30%,0,15,0%,10.47
structuring working capital loans for seasonal businesses,0,15,0%,14.87
semi truck lease vs purchase,0,15,0%,27.13
is leasing a semi-truck a good idea,0,15,0%,48.07
commercial loan pre-qualification,0,15,0%,51.13
what is the down payment for a commercial property loan,0,15,0%,51.8
equipment financing vs business credit cards,0,14,0%,1.21
reasons construction companies might need working capital,0,14,0%,2.29
construction industry common reasons for needing working capital,0,14,0%,3.64
reasons why construction companies need working capital advance,0,14,0%,5.07
long-term business loan approval speed,0,14,0%,9.5
"when does a working capital loan make more sense than a merchant cash 
advance for a cash crunch?",0,14,0%,9.5
typical time frames to get funded unsecured business loan,0,14,0%,17.14
sba 504 loan vs 7a,0,14,0%,52.43
reasons handyman services need working capital,0,13,0%,1.46
reasons why restoration companies might need working capital,0,13,0%,2.31
typical liens ucc filings equipment financing,0,13,0%,2.62
how fast can i get a business line of credit approval time,0,13,0%,3
"equipment financing: what liens or ucc filings are typical, and which 
lenders tend to use equipment-only uccs vs broader blanket liens?",0,13,0%,4.15
reasons electrical contractors need working capital,0,13,0%,6.54
reasons why restoration companies need working capital,0,13,0%,7.38
"how fast can an online business line of credit be approved vs a term loan 
vs sba, and which lenders are known for faster loc decisions for qualified 
smbs?",0,13,0%,8.15
"sba vs short-term working capital — when is sba worth waiting for, and if 
not, what lenders/products are the most common alternatives people choose?",0,13,0%,9.54
top business lines of credit comparison 2026,0,13,0%,16.54
working capital for summer season,0,13,0%,35.85
sba 504 vs sba 7a,0,13,0%,53.46
commercial real estate down payment,0,13,0%,54
benefits of leasing equipment,0,13,0%,58.92
lender fund new equipment within five business days minimal paperwork,0,12,0%,2.17
why contractors need working capital,0,12,0%,2.92
why construction companies might need working capital,0,12,0%,3
reasons painting companies need working capital,0,12,0%,3.33
"what’s the typical timeline for online business lines of credit from 
application to first draw, and which lenders are known for the fastest 
end-to-end loc process?",0,12,0%,3.83
best way to plan for slow months mca daily weekly remittances,0,12,0%,7.58
can i finance used or refurbished equipment,0,12,0%,10.33
business line of credit for working capital comparison 2026,0,12,0%,15.5
lease manufacturing automation equipment,0,12,0%,21.5
how long do commercial real estate loans typically last,0,12,0%,27.75
radiology equipment financing,0,12,0%,32.17
line of credit fees,0,12,0%,44.67
commercial loan down payment,0,12,0%,56.17
is there financing that covers both property purchase and rehab costs?,0,12,0%,60.33
benefits of equipment leasing,0,12,0%,76.92
top reasons contractors need working capital,0,11,0%,2
reasons contractors need working capital,0,11,0%,2.64
"for contractors and trades, what equipment categories are most commonly 
financed (trucks, skid steers, excavators), and which lenders specialize in 
them?",0,11,0%,3
best way to plan for slow months mca daily remittances,0,11,0%,3.55
what is the typical timeline for approval for secured business loans?,0,11,0%,3.73
common red flags in mca terms,0,11,0%,4.73
common pain points for construction companies needing working capital,0,11,0%,4.82
"for contractors with uneven project billing, what’s the best loc strategy 
for covering labor/materials between draws, and which lenders commonly 
serve construction businesses with revolving credit?",0,11,0%,7.73
series d funding preparation mistakes to avoid,0,11,0%,8.45
can you compare fees and costs across different business loan types?,0,11,0%,10.09
contracting industry working capital needs,0,11,0%,10.36
commercial multifamily loan down payment 25% typical,0,11,0%,10.73
how to finance vehicle lift installation,0,11,0%,16
expansion loans for manufacturing company,0,11,0%,22.91
restaurant equipment financing,0,11,0%,86.18
top reasons construction and renovation companies need working capital,0,10,0%,2.3
construction industry top reasons for needing working capital,0,10,0%,3.1
construction industry reasons for needing working capital,0,10,0%,3.2
securities based lending risks margin calls volatility,0,10,0%,3.7
"what’s the typical timeline from application to funding for equipment 
financing through online lenders, and which online lenders offer the 
fastest funding process?",0,10,0%,4.4
"and our team is here to walk you through what works best.what s the 
difference between a working capital loan and a merchant cash advance a 
working capital loan gives you a lump sum of funds upfront",0,10,0%,4.7
typical down payment for commercial real estate loan 2026,0,10,0%,5.6
commercial real estate loan down payment requirements 2026,0,10,0%,6.2
merchant cash advance for auto repair shop,0,10,0%,6.4
auto repair shop cash advance,0,10,0%,7.8
what credit scores are used for equipment financing and leasing decisions?,0,10,0%,8.4
"owner-occupied commercial real estate loans vs investment property loans 
differences idaho",0,10,0%,8.9
alternatives to sba loan if not qualified,0,10,0%,9.5
difference between revenue-based financing and merchant cash advance,0,10,0%,9.9
imaging carecredit enroll,0,10,0%,15.6
"securities-based loan sbl definition how it works liquidity without selling 
stock",0,10,0%,16
"securities-based loan sbl explanation how it works liquidity without 
selling stock",0,10,0%,16.8
ct scanner finance,0,10,0%,25.6
lease vs buy semi truck,0,10,0%,26.6
equipment leasing system,0,10,0%,27.6
line rate,0,10,0%,40.9
small business line of credit rates,0,10,0%,54.2
sba 7a vs 504 loan,0,10,0%,56.2
business line of credit rates,0,10,0%,60
sba loan timeline,0,10,0%,72.4
pros and cons of leasing a semi truck,0,10,0%,81.5
reasons construction companies need working capital advance,0,9,0%,3.22
reasons renovation companies need working capital,0,9,0%,3.33
why exterior renovation companies need working capital,0,9,0%,4.22
causes of delays in commercial bridge loan,0,9,0%,4.33
"working capital loan vs merchant cash advance for seasonal businesses 
payroll",0,9,0%,4.33
"how do processing times compare for different secured business loan 
providers?",0,9,0%,4.56
construction industry common reasons for working capital needs,0,9,0%,4.67
what red flags should i watch for in revenue-based financing contracts?,0,9,0%,4.78
"how do owner‑occupied commercial real estate loans differ from investment 
property loans in idaho?",0,9,0%,5.11
"how to compare interest rates, annual fees, and repayment terms for 
business financing options?",0,9,0%,7.89
typical down payment commercial multifamily loan 20% 30%,0,9,0%,10.33
average business line of credit interest rates 2026,0,9,0%,10.89
how much financing can i get with a working capital loan,0,9,0%,13.33
stump price finance,0,9,0%,13.44
is it better to lease or buy a semi truck,0,9,0%,18.11
how long to get equipment financing,0,9,0%,19
does applying for a working capital loan impact my credit score,0,9,0%,21.89
dental machinery leasing,0,9,0%,31.22
is it a good idea to lease a semi truck?,0,9,0%,32.44
lease forklift price,0,9,0%,46.67
equipment loan calculator,0,9,0%,48.89
current business line of credit interest rates,0,9,0%,67.11
hvac business loan,0,9,0%,72
looking for cnc milling machine that offers financing options for purchase,0,8,0%,1
why restoration companies might need working capital,0,8,0%,1.75
top reasons construction contractors need working capital,0,8,0%,2
reasons why roofing companies need working capital,0,8,0%,3.38
how much can i borrow with a working capital loan,0,8,0%,4.75
top reasons excavation companies need working capital,0,8,0%,5
unsecured business line of credit requirements checklist,0,8,0%,5.88
"what s the difference between a working capital loan and a merchant cash 
advance",0,8,0%,5.88
securities based lending risks margin call volatility,0,8,0%,6.12
financing options for flatbed truck,0,8,0%,7.38
commercial multifamily loan typical down payment 20% 30% reserves,0,8,0%,8.75
"what are the typical down payment requirements for commercial truck loans 
in the us?",0,8,0%,10
commercial multifamily loan down payment typically 25% 30%,0,8,0%,10.88
typical line of credit interest rates 2026,0,8,0%,11.12
"sba-backed equipment financing for franchises vs standard equipment leases 
comparison",0,8,0%,15.25
imaging offer carecredit,0,8,0%,15.62
commercial oven financing,0,8,0%,19.12
qualifications for startups to get business line of credit,0,8,0%,19.75
equipment leasing approval,0,8,0%,21.5
do i need perfect credit to qualify for a working capital loan,0,8,0%,23.75
do i need collateral for a business line of credit,0,8,0%,24.62
robotics equipment finance,0,8,0%,27.5
truck body financing,0,8,0%,29.88
working capital for busy season,0,8,0%,30.25
hvac business financing,0,8,0%,56.62
minimum down payment commercial property,0,8,0%,57.75
equipment financing calculator,0,8,0%,61.5
down payment for commercial property,0,8,0%,61.88
scale paid search,0,8,0%,64.75
construction equipment loan calculator,0,8,0%,65.12
dental practice loans,0,8,0%,66.38
how long does sba loan approval take,0,8,0%,90.88
equity line of credit on commercial property,0,8,0%,92.25
common reasons roofing companies need working capital,0,7,0%,1
top reasons construction or remodeling companies need working capital,0,7,0%,2.14
typical approval times for unsecured business lines of credit,0,7,0%,2.29
top reasons home remodeling companies need working capital,0,7,0%,2.57
common reasons contractors need working capital,0,7,0%,2.71
general reasons construction companies need working capital,0,7,0%,3
why exterior remodeling companies need working capital,0,7,0%,3.29
leading healthcare financing for imaging services,0,7,0%,3.43
top reasons home improvement companies need working capital,0,7,0%,3.57
manufacturing plant expansion loans,0,7,0%,3.71
reasons roofing contractors need working capital,0,7,0%,3.86
reasons waterproofing companies need working capital,0,7,0%,3.86
top reasons construction companies need working capital advance,0,7,0%,4
top reasons concrete industry needs working capital,0,7,0%,4.57
equipment financing timeline online lenders,0,7,0%,5.43
equipment financing lenders required documents,0,7,0%,6.57
signs of slow sba lender,0,7,0%,7
sba loans vs term loans vs equipment loans comparison,0,7,0%,7.71
average line of credit interest rates 2026,0,7,0%,9.43
typical apr business line of credit 2026,0,7,0%,9.43
what financial services should a growth-stage founder be thinking about?,0,7,0%,9.57
financing options for automotive diagnostic equipment shop,0,7,0%,10.71
revenue-based financing qualification requirements 2025,0,7,0%,11
"how is loc pricing typically structured (apr + fees + draw fees), what 
should you compare, and which lenders are known for transparent loc 
disclosures?",0,7,0%,11.14
imaging accept carecredit,0,7,0%,18.29
leasing digital dental equipment,0,7,0%,21.14
radiology offer carecredit,0,7,0%,21.71
sba 504 approval timeline,0,7,0%,28.29
unsecured business line of credit for start up,0,7,0%,29.86
medical imaging equipment leasing,0,7,0%,32.43
business lines of credit for start up,0,7,0%,38.57
business lines of credit rates,0,7,0%,44.43
lease mri equipment,0,7,0%,50.14
difference between 504 and 7a loan,0,7,0%,59.71
stop fraudulent business loan applications,0,7,0%,61.43
lease a semi truck cost,0,7,0%,72.86
progress payments in construction,0,7,0%,73.29
average interest rate on business line of credit,0,7,0%,73.43
dental practice loans for dentists,0,7,0%,76.29
account receivable loan,0,7,0%,77.43
dscr loan for rental property,0,7,0%,91.14
interest rates on business lines of credit,0,7,0%,94.71
common reasons handyman services need working capital,0,6,0%,1
roofing industry needs for working capital,0,6,0%,1
top reasons home repair companies need working capital,0,6,0%,1
top reasons home renovation companies need working capital,0,6,0%,1.83
lenders revenue based financing criteria,0,6,0%,2
"auto shop needs a diagnostic machine immediately — what financing options 
work and what lenders typically fund this kind of purchase fast?",0,6,0%,2.33
"what slows down equipment financing approval, how can a bookkeeper prep 
documents to speed it up, and which specific equipment financing companies 
or bookkeeping services specialize in expediting this process?",0,6,0%,2.33
commercial real estate down payment requirements 2026,0,6,0%,2.5
top reasons civil construction companies need working capital,0,6,0%,2.83
"""funding circle""",0,6,0%,3
reasons exterior renovation companies need working capital,0,6,0%,3
online business line of credit approval time,0,6,0%,3.17
why drywall companies need working capital,0,6,0%,3.5
"what are the typical terms and conditions i should expect when applying for 
revenue-based financing?",0,6,0%,3.67
reasons asphalt paving companies need working capital,0,6,0%,3.83
top reasons flooring companies need working capital,0,6,0%,3.83
why painting contractors need working capital,0,6,0%,4.33
why renovation companies need working capital,0,6,0%,4.33
reasons concrete contractors need working capital,0,6,0%,4.5
typical down payment for commercial real estate purchase 2026,0,6,0%,4.67
why concrete companies need working capital,0,6,0%,4.83
commercial real estate loan down payment requirements 2025 2026,0,6,0%,5.5
working capital loans for bad credit 580 score 18 months in business,0,6,0%,5.83
"can you get equipment financing approved faster if you already have an 
equipment quote or invoice, and which equipment financing companies offer 
the quickest approval times?",0,6,0%,6
why construction companies need working capital advance,0,6,0%,6.17
payroll line of credit for contractor payments,0,6,0%,7
"owner-occupied commercial real estate loans vs investment property loans 
idaho differences",0,6,0%,7.17
top reasons plumbers need working capital,0,6,0%,7.33
what kind of collateral is usually needed for a business line of credit?,0,6,0%,8.17
"if my credit score is just over 500, what realistic equipment financing 
rates can i expect for a $50k cnc machine, and are there lenders that look 
beyond credit score to approve the deal?.",0,6,0%,9.17
evaluate the fintech company unit on payroll line of credit,0,6,0%,10
commercial multifamily loan typical down payment 20% 30%,0,6,0%,10.67
"for medical and dental practices, how do lenders evaluate roi equipment 
purchases like imaging devices, and which specialized financing companies 
offer the best terms for this kind of equipment?",0,6,0%,10.83
commercial multifamily loan typical down payment 20% 25% 30%,0,6,0%,11.33
sba loans for gym,0,6,0%,21.67
sba loans gym,0,6,0%,24
sba loans for veterinary practice,0,6,0%,25.33
industrial automation financing,0,6,0%,25.5
when should avoid ap financing,0,6,0%,29
how long does equipment financing take,0,6,0%,29.17
mri financing available,0,6,0%,36.5
financing semi truck bad credit,0,6,0%,37.83
how long to get an equipment loan,0,6,0%,38.5
corporate line of credit rates,0,6,0%,38.67
next day funding,0,6,0%,39.5
commercial real estate loan down payment requirement,0,6,0%,42.5
equipment financing approval,0,6,0%,42.67
minimum down payment for commercial property,0,6,0%,46.67
excavator financing,0,6,0%,47.17
commercial hvac financing,0,6,0%,48.5
sba loan 504 vs 7a,0,6,0%,52
commercial property down payment,0,6,0%,54.33
difference between sba 504 and 7a,0,6,0%,58.5
ax partners,0,6,0%,60.67
same day capital,0,6,0%,61
bridge loan vs heloc,0,6,0%,68.5
finance robotics,0,6,0%,68.67
equipment lease rates,0,6,0%,77.33
accounts receivable funding,0,6,0%,78.17
bridge loan for business acquisition,0,6,0%,80.83
average line of credit interest rate,0,6,0%,83.17
cnc machine financing,0,6,0%,83.33
interest rate for business line of credit,0,6,0%,87
how quickly can businesses receive funds from revenue-based financing,0,5,0%,1.2
reasons foundation repair companies need working capital,0,5,0%,1.4
top reasons exterior remodeling companies need working capital,0,5,0%,1.4
top reasons gutter companies need working capital,0,5,0%,1.4
reasons why home remodeling companies might need working capital,0,5,0%,1.8
top reasons concrete contractors need working capital,0,5,0%,1.8
top reasons construction or renovation companies need working capital,0,5,0%,1.8
top reasons construction companies might need working capital,0,5,0%,2
top reasons construction/restoration companies need working capital,0,5,0%,2.2
why insulation companies need working capital,0,5,0%,2.4
reasons remodeling companies need working capital,0,5,0%,2.6
construction industry top reasons for working capital needs,0,5,0%,2.8
top reasons construction/renovation companies need working capital,0,5,0%,3
reasons why exterior renovation companies need working capital,0,5,0%,3.6
top reasons electrical contractors need working capital,0,5,0%,4.6
reasons why paving companies need working capital,0,5,0%,5
common reasons for working capital needs in construction industry,0,5,0%,6
reasons for working capital advance in construction industry,0,5,0%,6
"how do owner‑occupied commercial real estate loans differ from investment 
property loans in utah?",0,5,0%,6.6
reasons plumbing companies need working capital,0,5,0%,7.6
financing options for automotive diagnostics equipment shop,0,5,0%,7.8
what merchant cash advance amounts can i qualify for?,0,5,0%,7.8
what triggers margin call on securities backed line of credit sbl,0,5,0%,7.8
financing options for medical imaging equipment,0,5,0%,8.2
reasons why plumbing companies need working capital,0,5,0%,8.8
average business line of credit rates 2026,0,5,0%,9.2
"how to use equity-backed financing to defer triggering capital gains tax 
events?",0,5,0%,9.2
how a company's credit rating affects approval for equipment financing,0,5,0%,9.4
"owner-occupied commercial real estate loans vs investment property loans 
arizona",0,5,0%,9.4
comparison unsecured business lines of credit fees transparency,0,5,0%,9.8
how to compare multiple business financing offers at once?,0,5,0%,10.2
commercial multifamily loan down payment typically 20% 25% 30%,0,5,0%,10.4
radiology carecredit enroll,0,5,0%,10.4
easy semi truck leasing,0,5,0%,11
typical time frames for unsecured business loan funding,0,5,0%,11
corporate credit line comparison 2026,0,5,0%,13
working capital for staffing agencies,0,5,0%,13.2
differences between sba 504 and conventional commercial real estate loans,0,5,0%,13.4
sba loan for machinery,0,5,0%,14.6
current commercial lines of credit rates 2026,0,5,0%,15
equipment financing 48 hour approval,0,5,0%,16
do municipal contracts affect equipment financing approval odds,0,5,0%,16.4
typical interest rates and fees for business lines of credit 2026,0,5,0%,16.4
sba 504 vs conventional commercial real estate loans differences,0,5,0%,17
used mini excavator financing,0,5,0%,17.8
how does a working capital loan work for seasonal inventory,0,5,0%,19.4
sba loan salon,0,5,0%,20.8
veterinary practice sba loan,0,5,0%,21.8
commercial real estate loan down payment explained,0,5,0%,22
medical imaging leasing,0,5,0%,24.2
sba loan for gym,0,5,0%,24.2
how much down payment for a commercial property,0,5,0%,41
prequalified funding,0,5,0%,41.6
owner occupied commercial loan;commercial loans,0,5,0%,44
can i get equipment financing for used equipment,0,5,0%,44.2
commercial line of credit rates,0,5,0%,44.4
lease mri machines,0,5,0%,49.4
what are the minimum requirements for equipment financing,0,5,0%,50.8
"""racking finance""",0,5,0%,51.8
equipment finance calculator,0,5,0%,52.4
forestry logging loans,0,5,0%,54.8
sba loans 7a vs 504,0,5,0%,58.2
commercial kitchen equipment financing,0,5,0%,62.2
invoice factors,0,5,0%,65.4
sba+loan+approval+legal+adviser,0,5,0%,68.2
business loan vs personal loan,0,5,0%,74.4
dental practice purchase loans,0,5,0%,75.4
what is invoice factoring,0,5,0%,80.6
advantages of leasing equipment,0,5,0%,81.4
advantages of equipment leasing,0,5,0%,84.2
dscr loan rental property,0,5,0%,84.8
interest rate on business line of credit,0,5,0%,86
can you use equity as down payment,0,5,0%,87.8
why flooring companies need working capital,0,4,0%,1.5
top reasons remodeling companies need working capital,0,4,0%,1.75
ondeckai funding after:2026-05-28,0,4,0%,2.25
top reasons construction or contracting companies need working capital,0,4,0%,2.25
top reasons contracting companies need working capital,0,4,0%,2.25
top reasons construction equipment companies need working capital,0,4,0%,2.5
reasons construction companies seek working capital,0,4,0%,2.75
reasons masonry companies need working capital,0,4,0%,2.75
top reasons concrete companies need working capital,0,4,0%,2.75
top reasons construction industry needs working capital,0,4,0%,2.75
home renovation industry common reasons for needing working capital,0,4,0%,3
reasons a construction company might need working capital,0,4,0%,3
benchmarks for small business line of credit rates revenue over 300k,0,4,0%,3.25
commercial mortgage down payment requirements 2026,0,4,0%,3.25
top reasons businesses in construction industry need working capital,0,4,0%,3.25
"owner-occupied commercial real estate loans vs investment property loans 
differences utah",0,4,0%,3.5
reasons why construction companies might need working capital,0,4,0%,3.5
reasons why painting companies need working capital,0,4,0%,3.5
reasons why home improvement companies need working capital,0,4,0%,3.75
top reasons asphalt paving companies need working capital,0,4,0%,3.75
top reasons construction or excavation companies need working capital,0,4,0%,3.75
reasons home improvement companies need working capital,0,4,0%,4
home services industry reasons for needing working capital,0,4,0%,5
mca for retail stores seasonal revenue,0,4,0%,5
reasons electrical companies need working capital,0,4,0%,5
"does the type of equipment (new vs used) affect eligibility or approval 
speed, and which equipment financing companies or lenders specialize in new 
versus used equipment?",0,4,0%,5.25
top reasons companies in roofing industry need working capital,0,4,0%,5.25
reasons roofers need working capital,0,4,0%,5.5
common reasons plumbers need working capital,0,4,0%,7.25
"what credit score and time-in-business do lenders usually expect for 
equipment financing, and which equipment financing providers should i 
consider?",0,4,0%,7.25
red flags in revenue-based financing contracts,0,4,0%,7.5
"""life company"" commercial mortgage yield maintenance prepayment",0,4,0%,7.75
"how do owner‑occupied commercial real estate loans differ from investment 
property loans in arizona?",0,4,0%,7.75
restaurant strategies for slow quarter with mca,0,4,0%,7.75
typical business line of credit interest rates 2026,0,4,0%,8
common reasons trucking companies need working capital,0,4,0%,9
commercial multifamily loan down payment 25% 30% typical,0,4,0%,9.25
"""ondeck""",0,4,0%,9.5
"how do lenders evaluate bank deposits and monthly revenue for loc approval, 
and which loc providers are known to underwrite heavily from business bank 
statements and deposits?",0,4,0%,9.5
can i use a fix and flip loan for multiple properties at once?,0,4,0%,9.75
semi truck financing down payment typical 10% 20% 25%,0,4,0%,10.25
advertising getpliant,0,4,0%,10.75
lease used wheel alignment equipment,0,4,0%,10.75
commercial real estate loan down payment typically 20% 30%,0,4,0%,11.25
sba 504 loan owner occupied commercial real estate down payment 2026,0,4,0%,11.25
is equipment financing better than using a business credit card,0,4,0%,11.5
plumbing credit underwriting,0,4,0%,12.25
axiant consulting,0,4,0%,12.75
comparison of bank credit facilities for manufacturing firm expansion,0,4,0%,13.75
referral funnel,0,4,0%,13.75
finance your pallet truck,0,4,0%,14.25
draw fees comparison unsecured business lines of credit,0,4,0%,14.5
"franchise restaurant equipment financing private-label programs vs 
traditional leases",0,4,0%,15.5
current commercial lines of credit interest rates 2026,0,4,0%,16.75
logging truck financing,0,4,0%,17.75
current average interest rates for lines of credit 2026,0,4,0%,18.75
"unsecured business lines of credit for new businesses startups providers 
lenders",0,4,0%,19
axiant automation,0,4,0%,19.25
annual fees unsecured business lines of credit comparison,0,4,0%,20
diagnostic imaging equipment loans,0,4,0%,20
robotics equipment financing,0,4,0%,22
staffing financial capital,0,4,0%,24.5
sba loans for gyms,0,4,0%,25.25
sba loan for amazon fba,0,4,0%,26.5
backhoe loader financing,0,4,0%,30.5
industrial automation equipment leasing,0,4,0%,34.25
reefer trailer financing,0,4,0%,35.25
equipment loan pre-qualification process usa,0,4,0%,35.75
financing a commercial lawnmower,0,4,0%,36.75
sba loan document collection,0,4,0%,40.75
down payment required for commercial property,0,4,0%,44.25
x-ray equipment leasing,0,4,0%,45.25
denied by bank commercial loan,0,4,0%,48.75
owner operator financing bad credit,0,4,0%,48.75
commercial real estate balance sheet lenders,0,4,0%,49
how much down payment for commercial property,0,4,0%,54
credit score needed to rent commercial property,0,4,0%,58.25
equipment loan payment calculator,0,4,0%,58.75
best business line of credit rates,0,4,0%,60
term loans for refinancing of existing debt,0,4,0%,60
504 vs 7a loan,0,4,0%,61.5
heavy equipment financing calculator,0,4,0%,62.75
semi truck leasing,0,4,0%,66
average business line of credit interest rates,0,4,0%,68
hvac business loans,0,4,0%,69.5
sprinter finance,0,4,0%,70
refinance commercial real estate,0,4,0%,70.25
commercial loan refinance,0,4,0%,70.75
commercial loans down payment,0,4,0%,74
receivable financing,0,4,0%,74
equipment lease calculator,0,4,0%,77.5
business vs personal loan,0,4,0%,78
what is the average line of credit,0,4,0%,78
how long does sba loan take after approval,0,4,0%,80
account receivable financing,0,4,0%,80.5
finance restaurant equipment,0,4,0%,81.75
can i use equity as a down payment,0,4,0%,83.25
restaurant equipment financing for startups,0,4,0%,83.25
factoring invoice,0,4,0%,83.75
how long does it take for sba loan approval,0,4,0%,84.25
using equity as down payment,0,4,0%,84.5
sba loan time frame,0,4,0%,84.75
cnc machine loan,0,4,0%,85.75
average interest rate for a line of credit,0,4,0%,95
interest rates for business line of credit,0,4,0%,95.75
reasons exterior remodeling companies need working capital,0,3,0%,1
reasons home remodeling companies need working capital,0,3,0%,1
top reasons handyman services might need working capital,0,3,0%,1
typical timeline for approval secured business loans,0,3,0%,1
top reasons general contractors need working capital,0,3,0%,1.67
common reasons for contractors to need working capital,0,3,0%,2
how do veterinary practice loans differ from general small business loans?,0,3,0%,2
typical approval times unsecured business line of credit,0,3,0%,2
common reasons construction companies need working capital advance,0,3,0%,2.67
common reasons construction or renovation companies need working capital,0,3,0%,2.67
fix and flip loan down payment 10% 20% typical,0,3,0%,2.67
reasons construction and renovation companies need working capital,0,3,0%,2.67
reasons construction companies need working capital advances,0,3,0%,2.67
why contractors might need working capital,0,3,0%,2.67
common reasons foundation repair companies need working capital,0,3,0%,3
common reasons painting companies need working capital,0,3,0%,3
reasons companies in construction industry need working capital,0,3,0%,3
reasons drywall companies need working capital,0,3,0%,3
reasons handyman businesses need working capital,0,3,0%,3
reasons siding companies need working capital,0,3,0%,3
top reasons companies in construction industry need working capital,0,3,0%,3
top reasons construction or home building companies need working capital,0,3,0%,3
why contracting companies need working capital,0,3,0%,3
reasons concrete or construction companies need working capital,0,3,0%,3.33
reasons home renovation companies need working capital,0,3,0%,3.33
reasons why exterior remodeling companies need working capital,0,3,0%,3.33
top reasons companies in construction need working capital,0,3,0%,3.33
top reasons concrete industry might need working capital,0,3,0%,3.33
top reasons exterior renovation companies need working capital,0,3,0%,3.33
common reasons for construction companies to need working capital,0,3,0%,3.67
common reasons for needing working capital in construction industry,0,3,0%,3.67
home remodeling industry reasons for needing working capital,0,3,0%,3.67
online business line of credit timeline,0,3,0%,3.67
reasons home builders need working capital,0,3,0%,3.67
common reasons concrete companies need working capital,0,3,0%,4
reasons why contractors need working capital,0,3,0%,4
reasons why roofing contractors need working capital,0,3,0%,4
top reasons waterproofing companies need working capital,0,3,0%,4
why construction companies need working capital advances,0,3,0%,4
why home improvement companies need working capital,0,3,0%,4
reasons concrete companies need working capital,0,3,0%,4.33
reasons pool companies need working capital,0,3,0%,4.33
top reasons heavy civil construction companies need working capital,0,3,0%,4.33
top reasons roofing companies need working capital,0,3,0%,4.33
top reasons businesses in roofing industry need working capital,0,3,0%,4.67
how much revenue qualifies for financing?,0,3,0%,5
sbl as bridge financing for executives,0,3,0%,5.33
"how do inventory-driven retailers use a revolving business line of credit 
for reorder cycles, and which lenders are known for locs that work well for 
retail cash-conversion patterns?",0,3,0%,5.67
reasons for working capital in construction,0,3,0%,5.67
"is it safer to finance large equipment via a business card or a small 
business loan?",0,3,0%,6
equipment financing timeline,0,3,0%,7.33
"i need to finance payroll during seasonal dips; is a business line of 
credit the right tool compared to a working capital loan?",0,3,0%,7.33
top reasons plumbing and hvac companies need working capital,0,3,0%,8
top reasons roofers need working capital,0,3,0%,8.33
strategic finance services cost for startups,0,3,0%,8.67
why plumbing companies need working capital,0,3,0%,8.67
growing businesses leasing vs truck finance,0,3,0%,9
restaurant startup equipment package deals,0,3,0%,9
commercial real estate loan down payment 20% 30% typical,0,3,0%,9.67
evaluate the fintech company ramp on line of credit vs term loan,0,3,0%,9.67
typical down payment commercial multifamily loan 25% 30%,0,3,0%,10
equipment financing 24 hour approval,0,3,0%,10.67
feller buncher financing,0,3,0%,10.67
what documentation is needed for equipment financing approval?,0,3,0%,10.67
unsecured business line of credit draw fees comparison,0,3,0%,11
wayflyer ecommerce lending inventory financing,0,3,0%,11.67
sba 504 vs lease commercial property,0,3,0%,12
revolving line of trade credit for construction,0,3,0%,12.33
documents required for equipment loan application,0,3,0%,12.67
financing used commercial mowers,0,3,0%,12.67
salon financing,0,3,0%,13
restaurant refrigeration financing,0,3,0%,14
zero down equipment loans,0,3,0%,14.67
best business line of credit rates 2026,0,3,0%,15.67
commercial truck financing owner operator,0,3,0%,15.67
mini excavator financing,0,3,0%,16.33
strip center loans,0,3,0%,16.33
freight financing for small fleets,0,3,0%,16.67
sba 7(a) vs 504 loan comparison 2026,0,3,0%,18
how fast can business loan funding be received,0,3,0%,19.33
"comparison of bank credit facilities for manufacturing firm expansion term 
loans revolving credit",0,3,0%,19.67
compliance requirements for cold outreach emails calls different industries,0,3,0%,19.67
truck bed finance options,0,3,0%,20
can i finance 100% of the equipment cost,0,3,0%,21
start up business bank accountstartup line of credit,0,3,0%,21.33
startup incubator startup line of credit,0,3,0%,24.67
can i finance equipment with no money down,0,3,0%,25.33
start up bank accountstartup line of credit,0,3,0%,26
credit score for construction equipment finance,0,3,0%,27
typical down payment for commercial property,0,3,0%,27.67
veterinary practice acquisition loan,0,3,0%,30
advantages of leasing an asset,0,3,0%,31
forestry equipment financing,0,3,0%,38
minimum down payment on commercial property,0,3,0%,40.67
in house semi truck financing bad credit,0,3,0%,41.33
lawn care equipment financing,0,3,0%,43.33
down payment commercial real estate,0,3,0%,44
504 bridge loan,0,3,0%,44.67
acquisition bridge loan,0,3,0%,46.33
difference between 7a and 504,0,3,0%,46.33
forklift finance lease,0,3,0%,46.33
leasing versus buying semi truck,0,3,0%,46.33
when is ap financing good fit,0,3,0%,46.67
forklift lease calculator,0,3,0%,47.33
commercial real estate down payment requirements,0,3,0%,48.67
commercial mortgage down payment,0,3,0%,49.33
7a vs 504 loans,0,3,0%,49.67
diagnostic imaging equipment leasing,0,3,0%,50
sba 504 vs 7a loan comparison,0,3,0%,50
loss on sale of equipment cash flow,0,3,0%,53
lease forklift rates,0,3,0%,53.67
owner occupied commercial property loans,0,3,0%,53.67
commercial property loan down payment,0,3,0%,54
how much down for commercial property,0,3,0%,54.33
difference between sba 7a and 504 loans,0,3,0%,57.67
7a loan vs 504,0,3,0%,58
hvac business vehicle loan,0,3,0%,60
excavator finance calculator,0,3,0%,60.33
robotics finance,0,3,0%,61.33
working capital loans eastern panhandle,0,3,0%,61.67
sba loan term,0,3,0%,62
business line of credit interest rates,0,3,0%,62.67
sba 504 vs 7a loans,0,3,0%,63
down payment on commercial property,0,3,0%,63.67
machine finance calculator,0,3,0%,63.67
semi truck leasing requirements,0,3,0%,65.33
sba 504 vs 7 a,0,3,0%,66
invoice financing vs factoring,0,3,0%,66.67
average interest rate for business line of credit,0,3,0%,68
tractor finance calculator,0,3,0%,71
top line growth,0,3,0%,71.33
top line revenue,0,3,0%,75.67
commercial loan refinancing strategies,0,3,0%,76
factored debt,0,3,0%,76
skid steer loan calculator,0,3,0%,76.67
factoring invoicing,0,3,0%,77.33
dental practice acquisition,0,3,0%,78
financing accounts receivable,0,3,0%,80.33
account invoice factoring,0,3,0%,81.33
can you use equity as a down payment,0,3,0%,81.33
kitchen equipment financing,0,3,0%,81.67
how does invoice factoring work,0,3,0%,84
how long does loan approval take,0,3,0%,84
accounts receivable line of credit financing,0,3,0%,84.33
business line of credit interest rate,0,3,0%,84.67
dscr rental loan,0,3,0%,86
financing restaurant equipment,0,3,0%,86
what is a typical line of credit interest rate,0,3,0%,88
dscr loans for rental property,0,3,0%,91.33
common reasons gutter companies need working capital,0,2,0%,1
reasons handyman services might need working capital,0,2,0%,1
top reasons handyman businesses need working capital,0,2,0%,1
top reasons handyman companies need working capital,0,2,0%,1
why handyman services might need working capital,0,2,0%,1
revenue based funding limits,0,2,0%,1.5
why remodeling companies need working capital,0,2,0%,1.5
common reasons construction and remodeling companies need working capital,0,2,0%,2
reasons a construction company might need a working capital advance,0,2,0%,2
reasons construction and remodeling companies need working capital,0,2,0%,2
reasons contracting companies need working capital,0,2,0%,2
reasons insulation companies need working capital,0,2,0%,2
top reasons builders need working capital,0,2,0%,2
"when comparing business lenders, which metrics matter most: apr, total 
cost, repayment schedule, and covenants?",0,2,0%,2
why handyman services need working capital,0,2,0%,2
commercial real estate down payment requirements 2025 or 2026,0,2,0%,2.5
common reasons construction companies seek working capital,0,2,0%,2.5
prepayment penalties secured business loans comparison,0,2,0%,2.5
top reasons construction and remodeling companies need working capital,0,2,0%,2.5
top reasons home improvement contractors need working capital,0,2,0%,2.5
best unsecured business lines of credit 2026,0,2,0%,3
common pains for construction companies needing working capital,0,2,0%,3
common reasons builders need working capital,0,2,0%,3
common reasons for contractors needing working capital,0,2,0%,3
common reasons remodeling companies need working capital,0,2,0%,3
construction company reasons for needing working capital,0,2,0%,3
contracting industry needs working capital,0,2,0%,3
long-term loan vs working capital vs mca,0,2,0%,3
reasons construction and restoration companies need working capital,0,2,0%,3
reasons construction contracting companies need working capital,0,2,0%,3
reasons drywall contractors need working capital,0,2,0%,3
reasons general contractors need working capital,0,2,0%,3
reasons precast concrete companies need working capital,0,2,0%,3
top reasons construction businesses need working capital,0,2,0%,3
top reasons construction contracting companies need working capital,0,2,0%,3
top reasons construction or home improvement companies need working capital,0,2,0%,3
top reasons drywall contractors need working capital,0,2,0%,3
top reasons painting contractors need working capital,0,2,0%,3
common reasons for plumbing business needing working capital,0,2,0%,3.5
reason construction companies need working capital,0,2,0%,3.5
reasons painting contractors need working capital,0,2,0%,3.5
reasons why construction companies might need working capital advance,0,2,0%,3.5
top reasons masonry companies need working capital,0,2,0%,3.5
what are common reasons construction companies need working capital,0,2,0%,3.5
common reasons home improvement companies need working capital,0,2,0%,4
common reasons waterproofing companies need working capital,0,2,0%,4
construction industry top reasons for working capital,0,2,0%,4
home renovation industry reasons for needing working capital,0,2,0%,4
reasons construction industry needs working capital,0,2,0%,4
reasons roofing and construction companies need working capital,0,2,0%,4
reasons why concrete companies need working capital,0,2,0%,4
reasons why renovation companies need working capital,0,2,0%,4
sba loan vs business line of credit comparison,0,2,0%,4
securities based lending minimum portfolio size 2026,0,2,0%,4
top reasons construction or roofing companies need working capital,0,2,0%,4
top reasons for working capital needs in construction industry,0,2,0%,4
top reasons remodelers need working capital,0,2,0%,4
common reasons for needing working capital in the construction industry,0,2,0%,4.5
reasons demolition companies need working capital,0,2,0%,4.5
"could you outline typical working capital loan rates for companies with 
credit scores between 550 and 650 and suggest steps to qualify for lower 
apr?",0,2,0%,5
reasons for working capital needs in construction industry,0,2,0%,5
"owner-occupied commercial real estate loans vs investment property loans 
utah",0,2,0%,5.5
concrete industry reasons for needing working capital,0,2,0%,6
long-term loan vs working capital vs mca for second location,0,2,0%,6
typical down payment commercial real estate loan 2026,0,2,0%,6
common reasons electrical companies need working capital,0,2,0%,6.5
common reasons for working capital in construction industry,0,2,0%,6.5
mca bulk discount inventory funding,0,2,0%,6.5
reasons for working capital in construction industry,0,2,0%,6.5
average credit limit unsecured business line of credit 2025 or 2026,0,2,0%,7
flexible credit terms for used or reconditioned equipment,0,2,0%,7
"for a restaurant with strong daily card sales, when does an mca make sense 
for urgent vendor payments, and which mca providers specialize in this type 
of urgent funding for restaurants?",0,2,0%,7
sba 7(a) loan processing time 2026,0,2,0%,7
semi truck financing down payment 10% 20% typical,0,2,0%,7
rbf vs venture debt for saas,0,2,0%,7.5
roofing industry needs working capital,0,2,0%,7.5
sba 7(a) loan processing time 2025 or 2026,0,2,0%,7.5
sba loans vs term loans vs equipment financing comparison,0,2,0%,7.5
bluevine vs fundbox vs kabbage alternatives 2026,0,2,0%,8
hay baler financing,0,2,0%,8
sba vs fast financing decision framework,0,2,0%,8
how much do strategic finance services cost for startups?,0,2,0%,8.5
typical interest rates and fees for business line of credit 2026,0,2,0%,8.5
"""8fig"" ""stripe lending"" or ""stripe capital""",0,2,0%,9
sba loans for veterinary practice renovation,0,2,0%,9
top reasons roofing contractors need working capital,0,2,0%,9
what do roofing companies need working capital for,0,2,0%,9
business line of credit interest rates fees 2026,0,2,0%,9.5
commercial truck financing down payment typical 10% 20%,0,2,0%,9.5
"what documents do i need to bring to get approved for a loan through a 
manufacturer financing program",0,2,0%,9.5
why roofing companies might need working capital,0,2,0%,9.5
average apr business line of credit 2026,0,2,0%,10
average interest rates business line of credit 2026,0,2,0%,10
construction industry need for working capital,0,2,0%,10
contracting industry needs for working capital,0,2,0%,10
"owner-occupied commercial real estate loans vs investment property loans 
differences arizona",0,2,0%,10
typical down payment semi truck financing 10% 20% 30%,0,2,0%,10
why do construction companies need working capital,0,2,0%,10
compare equipment financing options that allow early payoff with no penalty.,0,2,0%,10.5
"how are business line of credit rates calculated, and what will influence 
my rate if my company has been running for 18 months?",0,2,0%,10.5
multifamily commercial loan down payment 25% typical,0,2,0%,10.5
plumbing industry needs for working capital,0,2,0%,10.5
same day loan for plumbing business,0,2,0%,10.5
top reasons plumbing companies need working capital,0,2,0%,10.5
typical down payment for commercial multifamily loan 20% 30%,0,2,0%,10.5
160 acre center pivot irrigation cost,0,2,0%,11
5-8 unit dscr with short term rental,0,2,0%,11
commercial real estate loan down payment typically 20% 30% multifamily,0,2,0%,11
equipment financing early payoff no penalty,0,2,0%,11
semi truck financing down payment typical 10% 20%,0,2,0%,11
used bulldozer financing,0,2,0%,11
average interest rate business line of credit 2026,0,2,0%,11.5
business line of credit approval odds 640 credit score $50k,0,2,0%,11.5
current average business line of credit rates 2026,0,2,0%,11.5
commercial multifamily loan typical down payment 25%,0,2,0%,12
commercial real estate loan down payment typically 20% to 30%,0,2,0%,12
d2c financing,0,2,0%,12
difference between blanket lien and ucc filing on specific equipment,0,2,0%,12.5
how to get approved for equipment financing with no down payment,0,2,0%,13
spa franchise loan,0,2,0%,13.5
draw fees unsecured business lines of credit comparison,0,2,0%,14.5
funding small fleets,0,2,0%,14.5
top business lines of credit comparison 2025 2026,0,2,0%,14.5
how does credit score affect equipment financing leasing options,0,2,0%,15
sba loan down payment requirements commercial real estate,0,2,0%,15
sba loan down payment requirements for commercial real estate 2026,0,2,0%,15
unsecured business line of credit fees types costs,0,2,0%,16.5
"which loan products offer working capital facilities specifically suitable 
for seasonal ca work during tax season?",0,2,0%,16.5
"and depositing revenue in a business bank account.what s the difference 
between a working capital loan and a line of credit a working capital loan 
gives you a lump sum of cash up front",0,2,0%,17
qualifications requirements for startups to get business line of credit,0,2,0%,17
lease to own tractor semi,0,2,0%,17.5
unsecured business line of credit annual fees comparison,0,2,0%,18
top business credit lines comparison 2026,0,2,0%,18.5
working capital for trucking company,0,2,0%,20
sba loans for veterinary hospitals,0,2,0%,21
easyrent dscr loans,0,2,0%,21.5
robotic system financing,0,2,0%,25.5
ultrasound financing,0,2,0%,26
gym sba loan,0,2,0%,26.5
patientfi vs carecredit,0,2,0%,26.5
e commerce growth capital,0,2,0%,27
semi lease deals,0,2,0%,27.5
what is the minimum criteria to qualify for a working capital loan,0,2,0%,27.5
business line of credit rates comparison,0,2,0%,28
farm equipment financing omaha,0,2,0%,29
financing both purchase and rehab costs,0,2,0%,33
business loan down payment required,0,2,0%,33.5
typical down payment on commercial property,0,2,0%,34.5
healthcare imaging financing,0,2,0%,35
lift equipment financing,0,2,0%,35
how much down on commercial property,0,2,0%,35.5
can you pay employees with line of credit,0,2,0%,37
biotech equipment financing,0,2,0%,37.5
working capital loans for seasonal businesses,0,2,0%,37.5
lending for logistics,0,2,0%,38.5
unsecured business lines of credit for startups,0,2,0%,38.5
how much down payment for commercial real estate,0,2,0%,39.5
financing janitorial equipment,0,2,0%,40
mca chargebacks,0,2,0%,40.5
salon equipment financing,0,2,0%,41.5
what to do if sba loan denied,0,2,0%,42
equipment loan wv,0,2,0%,42.5
diagnostic imaging equipment financing,0,2,0%,45
what credit score is needed for equipment financing,0,2,0%,45
ecommerce inventory funding,0,2,0%,45.5
sba loan eligibility checklist,0,2,0%,45.5
ecommerce inventory financing,0,2,0%,46
7a vs 504,0,2,0%,47
credit score for working capital loan,0,2,0%,47
spa equipment financing,0,2,0%,48
commercial line of credit rate,0,2,0%,48.5
rehab financing for flipping,0,2,0%,49
new equipment financial loans,0,2,0%,49.5
equipment turnaround loan,0,2,0%,50
bobcat finance calculator,0,2,0%,50.5
finance equipment calculator,0,2,0%,52.5
how much down payment on commercial property,0,2,0%,52.5
freightliner lease calculator,0,2,0%,53
sba loan term length,0,2,0%,54
used equipment financing calculator,0,2,0%,55
leasing equipment dentallabor,0,2,0%,55.5
sba 7a loan term length,0,2,0%,55.5
financing options for new forklifts tennessee,0,2,0%,56
business line of credit fees,0,2,0%,56.5
504 loan vs 7a loan,0,2,0%,57
average sba loan term,0,2,0%,57
section 179 equipment financing,0,2,0%,57
sba 504 loan documents required,0,2,0%,57.5
building business credit fast,0,2,0%,58.5
how to build business credit fast,0,2,0%,58.5
lawn equipment financing,0,2,0%,59
paid ads scaling strategy,0,2,0%,59.5
sba 7a vs sba 504,0,2,0%,59.5
sba loan terms years,0,2,0%,59.5
auto repair shop loan,0,2,0%,60.5
cash credit vs term loan,0,2,0%,61
down payment for commercial real estate,0,2,0%,61
equipment payment calculator,0,2,0%,61
farm equipment loans omaha,0,2,0%,61
red flags seo agency,0,2,0%,61
semi truck loan pros and cons,0,2,0%,61
what s the difference between a working capital loan and a line of credit,0,2,0%,61
what are the minimum requirements for mca financing,0,2,0%,61.5
business loans for hvac,0,2,0%,62
semi truck lease,0,2,0%,62
sba 7a term,0,2,0%,62.5
same-day funding for business,0,2,0%,63
restaurant equipment financing start up,0,2,0%,63.5
b2b factoring,0,2,0%,64
business loans for hvac companies,0,2,0%,65.5
commercial loan refinancing solutions,0,2,0%,69
line of credit annual fee,0,2,0%,69
commercial hvac equipment financing,0,2,0%,69.5
factoring working capital,0,2,0%,70
heavy equipment lease calculator,0,2,0%,70
semi truck lease to own,0,2,0%,70
account receivables financing,0,2,0%,70.5
benefits of leasing technology for federal agencies,0,2,0%,70.5
corporate kitchen equipment financing,0,2,0%,70.5
dental practice acquisition loans,0,2,0%,70.5
commercial loan refinancing faqs,0,2,0%,71
difference between sba 7a and sba 504 loans,0,2,0%,71.5
asset partner,0,2,0%,72
dental equipment finance,0,2,0%,72
rates for business line of credit,0,2,0%,72
commercial loan refinancing,0,2,0%,72.5
machinery loan calculator,0,2,0%,72.5
factoring invoices,0,2,0%,73
owner financing logging equipment,0,2,0%,73
current interest rates for business line of credit,0,2,0%,73.5
plumbing business financing,0,2,0%,73.5
average business line of credit interest rate,0,2,0%,74
accounts receivable loan,0,2,0%,75.5
using equity for down payment,0,2,0%,75.5
asset finance for dentists,0,2,0%,76
allegiant partners,0,2,0%,77
can equity be used as down payment,0,2,0%,77
finance for dentists,0,2,0%,77
invoice factoring loan,0,2,0%,77
commercial equipment loan calculator,0,2,0%,77.5
receivable loans,0,2,0%,77.5
factored debts,0,2,0%,78
construction progress payments,0,2,0%,78.5
line of credit saas,0,2,0%,78.5
loan on accounts receivable,0,2,0%,78.5
using equity as a down payment,0,2,0%,78.5
invoice loans factoring,0,2,0%,79
restaurant equipment finance,0,2,0%,79
ecommerce seller financing,0,2,0%,79.5
loan against receivables,0,2,0%,79.5
how to use land equity as a down payment,0,2,0%,80
can i use equity as down payment,0,2,0%,80.5
factoring payment,0,2,0%,80.5
refinance commercial loans,0,2,0%,80.5
can you use equity for a down payment,0,2,0%,81
dental practice finance,0,2,0%,81
commercial loan refinancing management,0,2,0%,81.5
does your down payment count as equity,0,2,0%,81.5
farm equipment lease calculator,0,2,0%,82
what is top line growth,0,2,0%,82
accounts receivable lending,0,2,0%,83
accounts receivables loans,0,2,0%,83
dscr rental loans,0,2,0%,83
how to finance a dental practice purchase,0,2,0%,83
ar financing,0,2,0%,84.5
commercial mortgage loan refinancing,0,2,0%,84.5
dscr rental property loans,0,2,0%,85.5
financing of receivables,0,2,0%,86
commercial kitchen equipment finance,0,2,0%,86.5
factor invoice,0,2,0%,86.5
factor invoices,0,2,0%,86.5
financing new start dental practices,0,2,0%,86.5
leasing a semi truck cost,0,2,0%,86.5
factor invoicing,0,2,0%,87
business loan documents,0,2,0%,87.5
invoice factor,0,2,0%,87.5
invoice factoring process,0,2,0%,87.5
rental dscr loan,0,2,0%,88
can i use my equity as a down payment,0,2,0%,88.5
financing account receivables,0,2,0%,89.5
how quickly can i receive loan funds after approval,0,2,0%,90.5
manufacturing lending,0,2,0%,91
commercial loan vs personal loan,0,2,0%,91.5
cnc equipment financing,0,2,0%,92.5
how long can you finance equipment,0,2,0%,92.5
what questions should i ask a commercial bridge lender,0,2,0%,92.5
how can a company effectively grow its top line,0,2,0%,93
account receivable financing is based on,0,2,0%,94
what is a fixed term loan vs line of credit,0,2,0%,96.5
how long are commercial property loans,0,2,0%,97
advantages of leasing equipment for your business,0,2,0%,97.5
axiant business,0,1,0%,1
common reasons construction companies need working capital advances,0,1,0%,1
common reasons home renovation companies need working capital,0,1,0%,1
deal hygiene,0,1,0%,1
"how fast can approvals be obtained through a dealer-facing financing 
platform?",0,1,0%,1
how quickly can businesses get funds from revenue-based financing,0,1,0%,1
"i am a 25-34 or 35-44 year old account executive, accountant, software 
engineer, product manager, marketing manager, sales manager, data analyst, 
financial analyst, designer, customer success manager, it manager, hr 
manager, or founder in the finance, healthcare, media, pharma, professional 
services, real estate, technology, or telecom industry. my job seniority is 
at the senior, manager, or director level. i work at a company with 250-1k 
employees or 1k-10k employees. my main motivations: emerging mass affluent 
customers seek wealth growth, security, and life goals. they value simple 
digital tools, transparent pricing, and personalized advice. priorities: 
saving, investing, and debt control. choices hinge on ease of use, 
education, and innovative solutions. they want a banking partner that 
guides them, adapts as needs change, and delivers convenience and clarity 
throughout their journey. my main pain points: emerging mass affluent 
people face limited personal advice, complex fees, and competing goals like 
saving, investing, and paying debt. they struggle to find easy digital 
banking and lack learning resources. overwhelmed by many investment 
choices, they want clear guidance to grow assets while managing debt. what 
are the best options for unsecured business lines of credit?",0,1,0%,1
industrial automation loans,0,1,0%,1
reasons plumbing services need working capital,0,1,0%,1